time_s,speed_kmph,accn_mps2,dist_km,Fr,Far,Fac,Fb,Ft,mtr_trq_Nm,mtr_rpm,m_pwr_kW,e_pwr_kW,m_energy_Wh,e_energy_Wh,m_Wh/km,e_Wh/km,pack_voltage_V,pack_current_A,delta_voltage_V_ir,pack_voltage_V_w_ir,pack_current_A_w_ir
1201,0.0,0.0,0.0,55.25,0.0,0.0,0.0,55.25,3.71,0.0,0.0,0.0,0.0,0.0,0.0,0.0,52,0.0,0.0,52.0,0.0
1202,0.0,0.0,0.0,55.25,0.0,0.0,0.0,55.25,3.71,0.0,0.0,0.0,0.0,0.0,0.0,0.0,52,0.0,0.0,52.0,0.0
1203,0.0,0.0,0.0,55.25,0.0,0.0,0.0,55.25,3.71,0.0,0.0,0.0,0.0,0.0,0.0,0.0,52,0.0,0.0,52.0,0.0
1204,0.0,0.0,0.0,55.25,0.0,0.0,0.0,55.25,3.71,0.0,0.0,0.0,0.0,0.0,0.0,0.0,52,0.0,0.0,52.0,0.0
1205,0.0,0.0,0.0,55.25,0.0,0.0,0.0,55.25,3.71,0.0,0.0,0.0,0.0,0.0,0.0,0.0,52,0.0,0.0,52.0,0.0
1206,0.0,0.0,0.0,55.25,0.0,0.0,0.0,55.25,3.71,0.0,0.0,0.0,0.0,0.0,0.0,0.0,52,0.0,0.0,52.0,0.0
1207,0.0,0.12,0.0,55.25,0.0,35.62,0.0,90.88,6.15,0.0,0.0,0.0,0.0,0.0,0.0,0.0,52,0.0,0.0,52.0,0.0
1208,0.9,0.44,0.0,55.25,0.02,126.67,0.0,181.94,12.38,43.93,0.05,0.06,0.01,0.01,50.54,63.81,52,1.1,0.01,51.99,1.1
1209,3.2,0.89,0.0,55.25,0.25,253.33,0.0,308.84,21.08,156.21,0.27,0.36,0.05,0.07,73.1,94.49,52,6.88,0.07,51.93,6.89
1210,7.3,1.28,0.0,55.25,1.32,364.17,0.0,420.74,28.74,356.34,0.85,1.13,0.21,0.27,96.33,126.27,52,21.68,0.22,51.78,21.77
1211,12.4,1.47,0.0,55.25,3.82,419.58,0.0,478.65,32.7,605.29,1.65,2.27,0.55,0.74,113.5,152.03,52,43.6,0.44,51.56,43.97
1212,17.9,1.54,0.01,55.25,7.96,439.37,0.0,502.58,34.34,873.77,2.5,3.44,1.13,1.54,124.32,168.78,52,66.08,0.66,51.34,66.94
1213,23.5,1.56,0.01,55.25,13.71,443.33,0.0,512.3,34.99,1147.13,3.34,4.23,1.94,2.6,130.83,175.15,52,81.39,0.81,51.19,82.68
1214,29.1,1.5,0.02,55.25,21.03,427.5,0.0,503.78,34.4,1420.49,4.07,5.15,2.97,3.9,134.18,176.23,52,99.1,0.99,51.01,101.03
1215,34.3,1.32,0.03,55.25,29.21,376.04,0.0,460.5,31.42,1674.32,4.39,5.4,4.15,5.37,133.97,173.45,52,103.82,1.04,50.96,105.94
1216,38.6,1.01,0.04,55.25,37.0,288.96,0.0,381.2,25.98,1884.22,4.09,4.99,5.32,6.81,129.6,165.82,52,95.97,0.96,51.04,97.78
1217,41.6,0.74,0.05,55.25,42.97,209.79,0.0,308.01,20.96,2030.67,3.56,4.27,6.39,8.1,122.3,155.08,52,82.13,0.82,51.18,83.45
1218,43.9,0.6,0.06,55.25,47.85,170.21,0.0,273.31,18.58,2142.94,3.33,4.01,7.34,9.25,114.57,144.29,52,77.07,0.77,51.23,78.23
1219,45.9,0.58,0.08,55.25,52.31,166.25,0.0,273.81,18.6,2240.57,3.49,4.2,8.29,10.39,108.29,135.67,52,80.73,0.81,51.19,82.01
1220,48.1,0.61,0.09,55.25,57.45,174.17,0.0,286.86,19.49,2347.96,3.83,4.61,9.31,11.61,103.86,129.56,52,88.63,0.89,51.11,90.17
1221,50.3,0.62,0.1,55.25,62.82,178.12,0.0,296.2,20.12,2455.35,4.14,4.97,10.42,12.94,100.84,125.29,52,95.5,0.95,51.05,97.28
1222,52.6,0.62,0.12,55.25,68.7,178.12,0.0,302.07,20.52,2567.62,4.41,5.29,11.6,14.37,98.69,122.18,52,101.74,1.02,50.98,103.77
1223,54.8,0.44,0.13,55.25,74.57,126.67,0.0,256.48,17.38,2675.01,3.9,4.65,12.76,15.75,96.29,118.84,52,89.41,0.89,51.11,90.98
1224,55.8,0.06,0.15,55.25,77.31,15.83,0.0,148.4,9.98,2723.83,2.3,2.9,13.62,16.8,92.12,113.59,52,55.79,0.56,51.44,56.39
1225,55.2,-0.28,0.16,55.25,75.66,-79.17,0.0,51.74,3.36,2694.54,0.79,1.0,14.05,17.34,86.05,106.18,52,19.24,0.19,51.81,19.31
1226,53.8,-0.35,0.18,55.25,71.87,-98.96,0.0,28.16,1.75,2626.2,0.42,0.53,14.22,17.55,79.7,98.36,52,10.21,0.1,51.9,10.23
1227,52.7,-0.14,0.19,55.25,68.96,-39.58,0.0,84.63,5.62,2572.5,1.24,1.56,14.45,17.84,74.79,92.34,52,30.05,0.3,51.7,30.22
1228,52.8,0.32,0.21,55.25,69.22,91.04,0.0,215.51,14.59,2577.38,3.16,3.85,15.06,18.59,72.46,89.44,52,73.98,0.74,51.26,75.04
1229,55.0,0.79,0.22,55.25,75.11,225.63,0.0,355.99,24.2,2684.78,5.44,6.52,16.25,20.03,72.95,89.89,52,125.36,1.25,50.75,128.46
1230,58.5,1.01,0.24,55.25,84.97,288.96,0.0,429.18,29.2,2855.62,6.97,8.41,17.98,22.11,75.35,92.65,52,161.8,1.62,50.38,167.0
1231,62.3,1.0,0.26,55.25,96.37,285.0,0.0,436.62,29.69,3041.12,7.56,9.07,20.0,24.53,78.3,96.07,52,174.36,1.74,50.26,180.4
1232,65.7,0.79,0.27,55.25,107.18,225.63,0.0,388.05,26.35,3207.09,7.08,8.5,22.03,26.97,80.65,98.75,52,163.42,1.63,50.37,168.72
1233,68.0,0.47,0.29,55.25,114.81,134.58,0.0,304.65,20.63,3319.36,5.75,6.88,23.81,29.11,81.63,99.78,52,132.36,1.32,50.68,135.81
1234,69.1,0.21,0.31,55.25,118.56,59.37,0.0,233.18,15.73,3373.05,4.48,5.36,25.23,30.81,81.2,99.14,52,103.06,1.03,50.97,105.14
1235,69.5,0.11,0.33,55.25,119.94,31.67,0.0,206.85,13.92,3392.58,3.99,4.81,26.41,32.22,80.03,97.63,52,92.45,0.92,51.08,94.12
1236,69.9,0.15,0.35,55.25,121.32,43.54,0.0,220.11,14.83,3412.11,4.27,5.14,27.56,33.6,78.88,96.18,52,98.94,0.99,51.01,100.86
1237,70.6,0.19,0.37,55.25,123.76,55.42,0.0,234.43,15.81,3446.28,4.6,5.5,28.79,35.08,78.05,95.1,52,105.86,1.06,50.94,108.06
1238,71.3,0.22,0.39,55.25,126.23,63.33,0.0,244.81,16.51,3480.44,4.85,5.81,30.1,36.65,77.46,94.32,52,111.64,1.12,50.88,114.09
1239,72.2,0.21,0.41,55.25,129.43,59.37,0.0,244.06,16.46,3524.38,4.89,5.89,31.46,38.28,77.0,93.7,52,113.31,1.13,50.87,115.84
1240,72.8,0.14,0.43,55.25,131.6,39.58,0.0,226.43,15.25,3553.67,4.58,5.51,32.77,39.86,76.45,92.99,52,106.0,1.06,50.94,108.21
1241,73.2,0.08,0.45,55.25,133.05,23.75,0.0,212.05,14.26,3573.19,4.31,5.2,34.01,41.35,75.75,92.1,52,99.92,1.0,51.0,101.88
1242,73.4,0.08,0.47,55.25,133.77,23.75,0.0,212.77,14.31,3582.95,4.34,5.23,35.21,42.8,75.02,91.19,52,100.54,1.01,50.99,102.52
1243,73.8,0.19,0.49,55.25,135.24,55.42,0.0,245.9,16.57,3602.48,5.04,6.07,36.51,44.37,74.55,90.59,52,116.7,1.17,50.83,119.38
1244,74.8,0.4,0.51,55.25,138.92,114.79,0.0,308.97,20.89,3651.29,6.42,7.69,38.1,46.28,74.65,90.67,52,147.81,1.48,50.52,152.14
1245,76.7,0.6,0.53,55.25,146.07,170.21,0.0,371.53,25.16,3744.04,7.92,9.51,40.09,48.66,75.44,91.57,52,182.85,1.83,50.17,189.52
1246,79.1,0.61,0.55,55.25,155.36,174.17,0.0,384.77,26.06,3861.19,8.45,10.16,42.37,51.4,76.6,92.93,52,195.3,1.95,50.05,202.92
1247,81.1,0.42,0.58,55.25,163.31,118.75,0.0,337.31,22.8,3958.82,7.6,9.1,44.6,54.07,77.52,93.98,52,174.97,1.75,50.25,181.06
1248,82.1,0.08,0.6,55.25,167.36,23.75,0.0,246.36,16.56,4007.64,5.62,6.8,46.43,56.28,77.65,94.11,52,130.78,1.31,50.69,134.15
1249,81.7,-0.25,0.62,55.25,165.74,-71.25,0.0,149.74,9.95,3988.11,3.4,4.32,47.68,57.82,76.82,93.15,52,83.08,0.83,51.17,84.43
1250,80.3,-0.4,0.64,55.25,160.11,-114.79,0.0,100.56,6.58,3919.77,2.24,2.85,48.47,58.82,75.35,91.44,52,54.84,0.55,51.45,55.42
1251,78.8,-0.42,0.67,55.25,154.18,-118.75,0.0,90.68,5.92,3846.55,1.98,2.52,49.06,59.56,73.73,89.53,52,48.53,0.49,51.51,48.98
1252,77.3,-0.4,0.69,55.25,148.37,-114.79,0.0,88.82,5.8,3773.33,1.91,2.42,49.6,60.25,72.19,87.7,52,46.63,0.47,51.53,47.05
1253,75.9,-0.32,0.71,55.25,143.04,-91.04,0.0,107.25,7.07,3704.99,2.26,2.87,50.17,60.99,70.84,86.11,52,55.28,0.55,51.45,55.88
1254,75.0,-0.17,0.73,55.25,139.67,-47.5,0.0,147.42,9.82,3661.06,3.07,3.9,50.92,61.93,69.82,84.92,52,75.09,0.75,51.25,76.19
1255,74.7,-0.06,0.75,55.25,138.55,-15.83,0.0,177.97,11.92,3646.41,3.69,4.45,51.85,63.09,69.14,84.11,52,85.58,0.86,51.14,87.02
1256,74.6,0.0,0.77,55.25,138.18,0.0,0.0,193.43,12.98,3641.53,4.01,4.83,52.92,64.38,68.66,83.52,52,92.89,0.93,51.07,94.58
1257,74.7,0.0,0.79,55.25,138.55,0.0,0.0,193.8,13.0,3646.41,4.02,4.85,54.04,65.72,68.27,83.03,52,93.2,0.93,51.07,94.9
1258,74.6,-0.04,0.81,55.25,138.18,-11.87,0.0,181.56,12.16,3641.53,3.76,4.53,55.12,67.03,67.86,82.52,52,87.19,0.87,51.13,88.68
1259,74.4,-0.07,0.83,55.25,137.44,-19.79,0.0,172.9,11.57,3631.77,3.57,4.31,56.14,68.25,67.4,81.94,52,82.81,0.83,51.17,84.15
1260,74.1,-0.07,0.85,55.25,136.34,-19.79,0.0,171.8,11.5,3617.12,3.54,4.26,57.13,69.44,66.93,81.36,52,81.95,0.82,51.18,83.26
1261,73.9,0.0,0.87,55.25,135.6,0.0,0.0,190.85,12.8,3607.36,3.92,4.72,58.16,70.69,66.54,80.87,52,90.79,0.91,51.09,92.41
1262,74.1,0.17,0.89,55.25,136.34,47.5,0.0,239.09,16.11,3617.12,4.92,5.92,59.39,72.17,66.38,80.67,52,113.93,1.14,50.86,116.48
1263,75.1,0.38,0.92,55.25,140.04,106.88,0.0,302.17,20.42,3665.94,6.3,7.55,60.95,74.04,66.58,80.88,52,145.14,1.45,50.55,149.31
1264,76.8,0.5,0.94,55.25,146.45,142.5,0.0,344.2,23.29,3748.92,7.34,8.79,62.84,76.31,67.11,81.48,52,169.08,1.69,50.31,174.76
1265,78.7,0.5,0.96,55.25,153.79,142.5,0.0,351.54,23.78,3841.67,7.69,9.2,64.93,78.81,67.77,82.26,52,176.95,1.77,50.23,183.18
1266,80.4,0.42,0.98,55.25,160.51,118.75,0.0,334.51,22.61,3924.65,7.47,8.94,67.04,81.33,68.39,82.97,52,172.01,1.72,50.28,177.9
1267,81.7,0.31,1.0,55.25,165.74,87.08,0.0,308.07,20.79,3988.11,6.99,8.37,69.04,83.73,68.86,83.51,52,160.98,1.61,50.39,166.12
1268,82.6,0.25,1.03,55.25,169.41,71.25,0.0,295.91,19.95,4032.04,6.79,8.22,70.96,86.04,69.19,83.9,52,158.03,1.58,50.42,162.99
1269,83.5,0.25,1.05,55.25,173.12,71.25,0.0,299.62,20.2,4075.98,6.95,8.45,72.87,88.35,69.49,84.26,52,162.47,1.62,50.38,167.71
1270,84.4,0.22,1.07,55.25,176.87,63.33,0.0,295.46,19.91,4119.91,6.93,8.38,74.79,90.69,69.78,84.61,52,161.23,1.61,50.39,166.39
1271,85.1,0.18,1.1,55.25,179.82,51.46,0.0,286.53,19.29,4154.08,6.77,8.2,76.7,92.99,70.01,84.89,52,157.65,1.58,50.42,162.58
1272,85.7,0.17,1.12,55.25,182.36,47.5,0.0,285.11,19.19,4183.37,6.79,8.22,78.58,95.27,70.21,85.13,52,157.98,1.58,50.42,162.93
1273,86.3,0.18,1.14,55.25,184.93,51.46,0.0,291.63,19.64,4212.66,6.99,8.46,80.49,97.59,70.42,85.37,52,162.73,1.63,50.37,167.98
1274,87.0,0.22,1.17,55.25,187.94,63.33,0.0,306.52,20.65,4246.83,7.41,9.01,82.49,100.02,70.68,85.69,52,173.18,1.73,50.27,179.14
1275,87.9,0.25,1.19,55.25,191.85,71.25,0.0,318.35,21.46,4290.76,7.77,9.45,84.6,102.58,71.01,86.1,52,181.72,1.82,50.18,188.3
1276,88.8,0.25,1.22,55.25,195.8,71.25,0.0,322.3,21.72,4334.69,7.95,9.66,86.79,105.23,71.37,86.54,52,185.85,1.86,50.14,192.74
1277,89.7,0.21,1.24,55.25,199.78,59.37,0.0,314.41,21.18,4378.62,7.83,9.52,88.98,107.9,71.71,86.96,52,183.14,1.83,50.17,189.83
1278,90.3,0.12,1.27,55.25,202.47,35.62,0.0,293.34,19.73,4407.91,7.36,8.91,91.09,110.46,71.96,87.27,52,171.27,1.71,50.29,177.1
1279,90.6,0.04,1.29,55.25,203.81,11.87,0.0,270.94,18.19,4422.56,6.82,8.25,93.06,112.84,72.09,87.41,52,158.71,1.59,50.41,163.71
1280,90.6,-0.01,1.32,55.25,203.81,-3.96,0.0,255.11,17.11,4422.56,6.42,7.77,94.9,115.07,72.11,87.43,52,149.44,1.49,50.51,153.86
1281,90.5,-0.03,1.34,55.25,203.36,-7.92,0.0,250.7,16.81,4417.68,6.3,7.63,96.66,117.21,72.07,87.39,52,146.69,1.47,50.53,150.95
1282,90.4,-0.06,1.37,55.25,202.91,-15.83,0.0,242.33,16.24,4412.79,6.09,7.37,98.38,119.29,72.01,87.3,52,141.64,1.42,50.58,145.61
1283,90.1,-0.1,1.39,55.25,201.57,-27.71,0.0,229.11,15.33,4398.15,5.73,6.94,100.03,121.27,71.89,87.16,52,133.47,1.33,50.67,136.99
1284,89.7,-0.11,1.42,55.25,199.78,-31.67,0.0,223.37,14.94,4378.62,5.57,6.84,101.59,123.19,71.73,86.97,52,131.55,1.32,50.68,134.97
1285,89.3,-0.11,1.44,55.25,198.01,-31.67,0.0,221.59,14.82,4359.1,5.5,6.76,103.13,125.08,71.56,86.78,52,129.92,1.3,50.7,133.25
1286,88.9,-0.07,1.47,55.25,196.24,-19.79,0.0,231.7,15.52,4339.57,5.72,6.93,104.69,126.98,71.41,86.62,52,133.18,1.33,50.67,136.68
1287,88.8,0.0,1.49,55.25,195.8,0.0,0.0,251.05,16.84,4334.69,6.19,7.5,106.34,128.98,71.34,86.53,52,144.14,1.44,50.56,148.25
1288,88.9,0.04,1.52,55.25,196.24,11.87,0.0,263.36,17.68,4339.57,6.5,7.87,108.11,131.11,71.34,86.52,52,151.38,1.51,50.49,155.92
1289,89.1,0.06,1.54,55.25,197.12,15.83,0.0,268.2,18.02,4349.34,6.64,8.03,109.93,133.32,71.38,86.57,52,154.51,1.55,50.45,159.24
1290,89.3,0.04,1.56,55.25,198.01,11.88,0.0,265.13,17.8,4359.1,6.58,7.96,111.77,135.54,71.42,86.62,52,153.08,1.53,50.47,157.72
1291,89.4,0.01,1.59,55.25,198.45,3.96,0.0,257.66,17.29,4363.98,6.4,7.74,113.57,137.73,71.44,86.64,52,148.93,1.49,50.51,153.32
1292,89.4,-0.03,1.61,55.25,198.45,-7.92,0.0,245.78,16.48,4363.98,6.1,7.39,115.31,139.83,71.42,86.61,52,142.07,1.42,50.58,146.06
1293,89.2,-0.07,1.64,55.25,197.56,-19.79,0.0,233.02,15.6,4354.22,5.77,6.99,116.96,141.82,71.34,86.51,52,134.39,1.34,50.66,137.96
1294,88.9,-0.1,1.66,55.25,196.24,-27.71,0.0,223.78,14.97,4339.57,5.53,6.79,118.53,143.74,71.23,86.38,52,130.62,1.31,50.69,133.98
1295,88.5,-0.13,1.69,55.25,194.47,-35.63,0.0,214.1,14.31,4320.05,5.26,6.47,120.02,145.58,71.08,86.21,52,124.41,1.24,50.76,127.46
1296,88.0,-0.14,1.71,55.25,192.28,-39.58,0.0,207.95,13.9,4295.64,5.08,6.25,121.46,147.35,70.9,86.01,52,120.15,1.2,50.8,122.99
1297,87.5,-0.11,1.74,55.25,190.1,-31.67,0.0,213.69,14.29,4271.23,5.19,6.38,122.89,149.1,70.72,85.81,52,122.76,1.23,50.77,125.73
1298,87.2,-0.06,1.76,55.25,188.8,-15.83,0.0,228.22,15.29,4256.59,5.53,6.69,124.38,150.92,70.6,85.66,52,128.67,1.29,50.71,131.94
1299,87.1,0.0,1.79,55.25,188.37,0.0,0.0,243.62,16.34,4251.71,5.89,7.13,125.96,152.84,70.53,85.57,52,137.2,1.37,50.63,140.91
1300,87.2,0.03,1.81,55.25,188.8,7.92,0.0,251.97,16.92,4256.59,6.1,7.39,127.63,154.85,70.5,85.54,52,142.06,1.42,50.58,146.05
1301,87.3,0.03,1.83,55.25,189.24,7.92,0.0,252.4,16.94,4261.47,6.12,7.41,129.33,156.91,70.5,85.53,52,142.47,1.42,50.58,146.48
1302,87.4,0.03,1.86,55.25,189.67,7.92,0.0,252.84,16.97,4266.35,6.14,7.43,131.03,158.97,70.49,85.53,52,142.88,1.43,50.57,146.91
1303,87.5,0.0,1.88,55.25,190.1,0.0,0.0,245.35,16.46,4271.23,5.96,7.22,132.71,161.0,70.48,85.5,52,138.81,1.39,50.61,142.61
1304,87.4,-0.06,1.91,55.25,189.67,-15.83,0.0,229.09,15.35,4266.35,5.56,6.73,134.31,162.94,70.42,85.43,52,129.46,1.29,50.71,132.76
1305,87.1,-0.08,1.93,55.25,188.37,-23.75,0.0,219.87,14.72,4251.71,5.32,6.54,135.82,164.78,70.32,85.31,52,125.74,1.26,50.74,128.85
1306,86.8,-0.1,1.96,55.25,187.08,-27.71,0.0,214.62,14.36,4237.06,5.17,6.36,137.28,166.58,70.19,85.17,52,122.31,1.22,50.78,125.26
1307,86.4,-0.12,1.98,55.25,185.35,-35.62,0.0,204.98,13.7,4217.54,4.92,6.05,138.68,168.3,70.05,85.01,52,116.28,1.16,50.84,118.94
1308,85.9,-0.17,2.0,55.25,183.22,-47.5,0.0,190.97,12.74,4193.13,4.56,5.6,140.0,169.92,69.87,84.8,52,107.7,1.08,50.92,109.98
1309,85.2,-0.26,2.03,55.25,180.24,-75.21,0.0,160.28,10.65,4158.96,3.79,4.66,141.16,171.34,69.62,84.51,52,89.66,0.9,51.1,91.24
1310,84.0,-0.42,2.05,55.25,175.2,-118.75,0.0,111.7,7.33,4100.38,2.61,3.34,142.05,172.45,69.26,84.08,52,64.31,0.64,51.36,65.11
1311,82.2,-0.51,2.07,55.25,167.77,-146.46,0.0,76.56,4.93,4012.52,1.75,2.24,142.65,173.23,68.78,83.52,52,43.14,0.43,51.57,43.5
1312,80.3,-0.5,2.1,55.25,160.11,-142.5,0.0,72.86,4.69,3919.77,1.63,2.07,143.12,173.83,68.26,82.91,52,39.73,0.4,51.6,40.04
1313,78.6,-0.43,2.12,55.25,153.4,-122.71,0.0,85.94,5.59,3836.79,1.88,2.39,143.61,174.45,67.78,82.34,52,45.87,0.46,51.54,46.28
1314,77.2,-0.37,2.14,55.25,147.98,-106.87,0.0,96.36,6.31,3768.45,2.07,2.63,144.15,175.14,67.35,81.83,52,50.52,0.51,51.49,51.01
1315,75.9,-0.47,2.16,55.25,143.04,-134.58,0.0,63.71,4.08,3704.99,1.34,1.71,144.63,175.75,66.91,81.3,52,32.84,0.33,51.67,33.05
1316,73.8,-0.76,2.18,55.25,135.24,-217.71,0.0,-27.22,-2.13,3602.48,-0.56,,144.74,175.75,66.32,80.53,52,,,,
1317,70.4,-1.12,2.2,55.25,123.06,-320.62,0.0,-142.31,-10.0,3436.51,-2.78,,144.27,175.75,65.51,79.8,52,,,,
1318,65.7,-1.38,2.22,55.25,107.18,-391.88,0.0,-229.45,-15.94,3207.09,-4.19,,143.31,175.75,64.51,79.12,52,,,,
1319,60.5,-1.36,2.24,55.25,90.88,-387.92,0.0,-241.78,-16.77,2953.25,-4.06,,142.16,175.75,63.5,78.5,52,,,,
1320,55.9,-1.04,2.26,55.25,77.59,-296.88,0.0,-164.04,-11.42,2728.71,-2.55,,141.24,175.75,62.63,77.94,52,,,,
1321,53.0,-0.6,2.27,55.25,69.75,-170.21,0.0,-45.21,-3.27,2587.15,-0.67,,140.8,175.75,62.02,77.42,52,,,,
1322,51.6,-0.29,2.28,55.25,66.11,-83.13,0.0,38.24,2.45,2518.81,0.55,0.69,140.78,175.75,61.62,76.92,52,13.29,0.13,51.87,13.33
1323,50.9,-0.15,2.3,55.25,64.33,-43.54,0.0,76.04,5.04,2484.64,1.08,1.35,141.0,176.03,61.34,76.57,52,26.05,0.26,51.74,26.18
1324,50.5,-0.1,2.31,55.25,63.32,-27.71,0.0,90.86,6.06,2465.11,1.27,1.61,141.33,176.44,61.1,76.28,52,30.88,0.31,51.69,31.06
1325,50.2,-0.04,2.33,55.25,62.57,-11.87,0.0,105.95,7.09,2450.47,1.48,1.86,141.71,176.92,60.9,76.03,52,35.79,0.36,51.64,36.04
1326,50.2,0.06,2.34,55.25,62.57,15.83,0.0,133.66,8.99,2450.47,1.86,2.35,142.18,177.51,60.74,75.83,52,45.15,0.45,51.55,45.55
1327,50.6,0.14,2.35,55.25,63.57,39.58,0.0,158.41,10.68,2469.99,2.23,2.68,142.74,178.2,60.62,75.67,52,51.54,0.52,51.48,52.06
1328,51.2,0.17,2.37,55.25,65.09,47.5,0.0,167.84,11.33,2499.28,2.39,2.87,143.39,178.98,60.52,75.55,52,55.26,0.55,51.45,55.85
1329,51.8,0.18,2.38,55.25,66.62,51.46,0.0,173.33,11.7,2528.57,2.49,3.04,144.06,179.8,60.45,75.44,52,58.37,0.58,51.42,59.03
1330,52.5,0.22,2.4,55.25,68.44,63.33,0.0,187.02,12.64,2562.74,2.73,3.32,144.79,180.68,60.38,75.35,52,63.83,0.64,51.36,64.62
1331,53.4,0.33,2.41,55.25,70.8,95.0,0.0,221.05,14.96,2606.67,3.28,3.99,145.62,181.69,60.36,75.31,52,76.74,0.77,51.23,77.89
1332,54.9,0.5,2.43,55.25,74.84,142.5,0.0,272.59,18.49,2679.89,4.16,4.95,146.66,182.94,60.41,75.36,52,95.2,0.95,51.05,96.98
1333,57.0,0.62,2.44,55.25,80.67,178.12,0.0,314.05,21.32,2782.4,4.97,5.96,147.92,184.45,60.55,75.5,52,114.62,1.15,50.85,117.2
1334,59.4,0.68,2.46,55.25,87.61,193.96,0.0,336.82,22.87,2899.56,5.56,6.66,149.39,186.2,60.74,75.71,52,128.1,1.28,50.72,131.34
1335,61.9,0.68,2.48,55.25,95.14,193.96,0.0,344.35,23.37,3021.59,5.92,7.08,150.98,188.11,60.97,75.97,52,136.18,1.36,50.64,139.85
1336,64.3,0.63,2.49,55.25,102.66,178.13,0.0,336.03,22.79,3138.75,6.0,7.18,152.64,190.09,61.21,76.23,52,138.05,1.38,50.62,141.81
1337,66.4,0.53,2.51,55.25,109.47,150.42,0.0,315.14,21.35,3241.26,5.81,6.95,154.28,192.06,61.42,76.46,52,133.69,1.34,50.66,137.22
1338,68.1,0.44,2.53,55.25,115.15,126.67,0.0,297.07,20.11,3324.24,5.62,6.72,155.87,193.96,61.59,76.65,52,129.25,1.29,50.71,132.55
1339,69.6,0.36,2.55,55.25,120.28,102.92,0.0,278.45,18.83,3397.46,5.38,6.45,157.39,195.78,61.73,76.79,52,123.95,1.24,50.76,126.98
1340,70.7,0.25,2.57,55.25,124.11,71.25,0.0,250.61,16.91,3451.16,4.92,5.89,158.82,197.5,61.82,76.87,52,113.33,1.13,50.87,115.85
1341,71.4,0.15,2.59,55.25,126.58,43.54,0.0,225.37,15.18,3485.33,4.47,5.35,160.13,199.06,61.85,76.89,52,102.92,1.03,50.97,105.0
1342,71.8,0.19,2.61,55.25,128.0,55.42,0.0,238.67,16.09,3504.85,4.76,5.73,161.41,200.6,61.87,76.89,52,110.2,1.1,50.9,112.58
1343,72.8,0.44,2.63,55.25,131.6,126.67,0.0,313.51,21.21,3553.67,6.34,7.59,162.95,202.45,61.99,77.01,52,145.98,1.46,50.54,150.19
1344,75.0,0.69,2.65,55.25,139.67,197.92,0.0,392.84,26.63,3661.06,8.18,9.83,164.97,204.87,62.27,77.33,52,189.05,1.89,50.11,196.18
1345,77.8,0.79,2.67,55.25,150.29,225.63,0.0,431.17,29.24,3797.74,9.32,11.19,167.4,207.79,62.68,77.81,52,215.25,2.15,49.85,224.54
1346,80.7,0.76,2.69,55.25,161.71,217.71,0.0,434.66,29.47,3939.3,9.74,11.7,170.05,210.97,63.15,78.35,52,225.08,2.25,49.75,235.26
1347,83.3,0.65,2.72,55.25,172.29,186.04,0.0,413.58,28.01,4066.21,9.57,11.67,172.73,214.22,63.61,78.89,52,224.46,2.24,49.76,234.59
1348,85.4,0.56,2.74,55.25,181.09,158.33,0.0,394.67,26.7,4168.72,9.36,11.42,175.36,217.42,64.03,79.39,52,219.6,2.2,49.8,229.28
1349,87.3,0.51,2.76,55.25,189.24,146.46,0.0,390.94,26.43,4261.47,9.48,11.56,177.98,220.61,64.42,79.85,52,222.36,2.22,49.78,232.3
1350,89.1,0.46,2.79,55.25,197.12,130.62,0.0,383.0,25.88,4349.34,9.48,11.56,180.61,223.83,64.8,80.3,52,222.33,2.22,49.78,232.26
1351,90.6,0.39,2.81,55.25,203.81,110.83,0.0,369.9,24.97,4422.56,9.31,11.32,183.22,227.0,65.15,80.72,52,217.63,2.18,49.82,227.13
1352,91.9,0.36,2.84,55.25,209.7,102.92,0.0,367.87,24.82,4486.02,9.39,11.42,185.82,230.16,65.48,81.11,52,219.54,2.2,49.8,229.22
1353,93.2,0.36,2.86,55.25,215.68,102.92,0.0,373.85,25.23,4549.47,9.68,11.9,188.47,233.4,65.82,81.51,52,228.77,2.29,49.71,239.29
1354,94.5,0.39,2.89,55.25,221.74,110.83,0.0,387.82,26.17,4612.93,10.18,12.51,191.22,236.79,66.18,81.95,52,240.63,2.41,49.59,252.3
1355,96.0,0.42,2.92,55.25,228.83,118.75,0.0,402.83,27.19,4686.15,10.74,13.2,194.13,240.36,66.58,82.43,52,253.91,2.54,49.46,266.94
1356,97.5,0.4,2.94,55.25,236.04,114.79,0.0,406.08,27.4,4759.37,11.0,13.52,197.15,244.07,67.0,82.94,52,259.96,2.6,49.4,273.64
1357,98.9,0.32,2.97,55.25,242.87,91.04,0.0,389.16,26.24,4827.71,10.69,13.14,200.16,247.77,67.39,83.43,52,252.7,2.53,49.47,265.61
1358,99.8,0.01,3.0,55.25,247.31,3.96,0.0,306.52,20.57,4871.65,8.5,10.39,202.83,251.04,67.66,83.75,52,199.74,2.0,50.0,207.72
1359,99.0,-0.44,3.03,55.25,243.36,-126.67,0.0,171.94,11.36,4832.6,4.73,5.9,204.66,253.3,67.65,83.73,52,113.52,1.14,50.86,116.06
1360,96.6,-0.74,3.05,55.25,231.7,-209.79,0.0,77.16,4.88,4715.44,2.07,2.76,205.61,254.51,67.36,83.38,52,52.98,0.53,51.47,53.53
1361,93.7,-0.74,3.08,55.25,218.0,-209.79,0.0,63.46,3.96,4573.88,1.65,2.2,206.12,255.2,66.95,82.89,52,42.27,0.42,51.58,42.61
1362,91.3,-0.46,3.1,55.25,206.98,-130.62,0.0,131.6,8.64,4456.73,3.34,4.28,206.82,256.1,66.62,82.49,52,82.35,0.82,51.18,83.67
1363,90.4,-0.1,3.13,55.25,202.91,-27.71,0.0,230.46,15.42,4412.79,5.79,7.0,208.08,257.66,66.49,82.33,52,134.7,1.35,50.65,138.28
1364,90.6,0.1,3.15,55.25,203.81,27.71,0.0,286.77,19.28,4422.56,7.22,8.74,209.89,259.85,66.53,82.36,52,167.99,1.68,50.32,173.59
1365,91.1,0.04,3.18,55.25,206.07,11.88,0.0,273.19,18.34,4446.96,6.91,8.37,211.85,262.22,66.62,82.46,52,160.92,1.61,50.39,166.05
1366,90.9,-0.29,3.21,55.25,205.17,-83.12,0.0,177.29,11.78,4437.2,4.48,5.5,213.44,264.15,66.59,82.41,52,105.81,1.06,50.94,108.01
1367,89.0,-0.74,3.23,55.25,196.68,-209.79,0.0,42.14,2.53,4344.45,1.04,1.34,214.2,265.1,66.31,82.07,52,25.7,0.26,51.74,25.83
1368,85.6,-1.03,3.25,55.25,181.94,-292.92,0.0,-55.73,-4.15,4178.49,-1.33,,214.16,265.1,65.8,81.45,52,,,,
1369,81.6,-1.11,3.28,55.25,165.33,-316.67,0.0,-96.08,-6.89,3983.23,-2.18,,213.68,265.1,65.19,80.88,52,,,,
1370,77.6,-1.11,3.3,55.25,149.52,-316.67,0.0,-111.9,-7.95,3787.97,-2.41,,213.04,265.1,64.56,80.33,52,,,,
1371,73.6,-1.1,3.32,55.25,134.5,-312.71,0.0,-122.96,-8.69,3592.72,-2.51,,212.35,265.1,63.94,79.83,52,,,,
1372,69.7,-1.06,3.34,55.25,120.63,-300.83,0.0,-124.96,-8.81,3402.34,-2.42,,211.67,265.1,63.36,79.35,52,,,,
1373,66.0,-0.97,3.36,55.25,108.16,-277.08,0.0,-113.67,-8.02,3221.73,-2.08,,211.04,265.1,62.82,78.91,52,,,,
1374,62.7,-0.83,3.38,55.25,97.61,-237.5,0.0,-84.64,-6.01,3060.64,-1.47,,210.55,265.1,62.34,78.49,52,,,,
1375,60.0,-0.65,3.39,55.25,89.39,-186.04,0.0,-41.4,-3.04,2928.85,-0.69,,210.25,265.1,61.94,78.09,52,,,,
1376,58.0,-0.5,3.41,55.25,83.53,-142.5,0.0,-3.72,-0.45,2831.22,-0.06,,210.14,265.1,61.61,77.72,52,,,,
1377,56.4,-0.44,3.43,55.25,78.98,-126.67,0.0,7.57,0.33,2753.11,0.12,0.15,210.15,265.1,61.32,77.36,52,2.88,0.03,51.97,2.88
1378,54.8,-0.44,3.44,55.25,74.57,-126.67,0.0,3.15,0.03,2675.01,0.05,0.06,210.18,265.13,61.06,77.02,52,1.16,0.01,51.99,1.16
1379,53.2,-0.43,3.46,55.25,70.27,-122.71,0.0,2.82,0.02,2596.91,0.04,0.05,210.19,265.15,60.8,76.69,52,1.01,0.01,51.99,1.01
1380,51.7,-0.42,3.47,55.25,66.37,-118.75,0.0,2.87,0.03,2523.69,0.04,0.05,210.2,265.16,60.54,76.37,52,1.0,0.01,51.99,1.0
1381,50.2,-0.42,3.49,55.25,62.57,-118.75,0.0,-0.93,-0.23,2450.47,-0.01,,210.2,265.16,60.3,76.06,52,,,,
1382,48.7,-0.42,3.5,55.25,58.89,-118.75,0.0,-4.61,-0.48,2377.25,-0.06,,210.19,265.16,60.06,75.76,52,,,,
1383,47.2,-0.22,3.51,55.25,55.32,-63.33,0.0,47.23,3.08,2304.03,0.62,0.78,210.27,265.16,59.85,75.48,52,15.0,0.15,51.85,15.05
1384,47.1,-0.03,3.53,55.25,55.08,-7.92,0.0,102.42,6.86,2299.14,1.34,1.69,210.54,265.5,59.71,75.29,52,32.46,0.32,51.68,32.67
1385,47.0,-0.03,3.54,55.25,54.85,-7.92,0.0,102.18,6.84,2294.26,1.33,1.68,210.91,265.97,59.59,75.15,52,32.32,0.32,51.68,32.52
1386,46.9,-0.06,3.55,55.25,54.62,-15.83,0.0,94.03,6.29,2289.38,1.23,1.54,211.27,266.42,59.47,75.0,52,29.68,0.3,51.7,29.85
1387,46.6,-0.08,3.57,55.25,53.92,-23.75,0.0,85.42,5.7,2274.74,1.11,1.39,211.59,266.83,59.35,74.84,52,26.79,0.27,51.73,26.93
1388,46.3,-0.07,3.58,55.25,53.23,-19.79,0.0,88.69,5.92,2260.09,1.14,1.44,211.91,267.22,59.22,74.68,52,27.63,0.28,51.72,27.78
1389,46.1,-0.03,3.59,55.25,52.77,-7.92,0.0,100.1,6.7,2250.33,1.28,1.61,212.24,267.64,59.1,74.53,52,31.05,0.31,51.69,31.24
1390,46.1,0.04,3.6,55.25,52.77,11.87,0.0,119.89,8.06,2250.33,1.54,1.93,212.63,268.14,59.0,74.4,52,37.19,0.37,51.63,37.46
1391,46.4,0.14,3.62,55.25,53.46,39.58,0.0,148.29,10.0,2264.97,1.91,2.3,213.11,268.72,58.92,74.3,52,44.25,0.44,51.56,44.63
1392,47.1,0.24,3.63,55.25,55.08,67.29,0.0,177.62,12.01,2299.14,2.32,2.8,213.7,269.43,58.88,74.23,52,53.8,0.54,51.46,54.36
1393,48.1,0.37,3.64,55.25,57.45,106.87,0.0,219.57,14.88,2347.96,2.93,3.53,214.43,270.31,58.86,74.2,52,67.92,0.68,51.32,68.81
1394,49.8,0.57,3.66,55.25,61.58,162.29,0.0,279.12,18.95,2430.94,3.86,4.64,215.37,271.45,58.9,74.24,52,89.29,0.89,51.11,90.85
1395,52.2,0.69,3.67,55.25,67.66,197.92,0.0,320.82,21.8,2548.1,4.65,5.58,216.56,272.87,59.0,74.34,52,107.23,1.07,50.93,109.49
1396,54.8,0.71,3.69,55.25,74.57,201.87,0.0,331.69,22.54,2675.01,5.05,6.05,217.9,274.48,59.12,74.48,52,116.38,1.16,50.84,119.05
1397,57.3,0.65,3.7,55.25,81.52,186.04,0.0,322.82,21.92,2797.05,5.14,6.16,219.32,276.18,59.26,74.62,52,118.44,1.18,50.82,121.2
1398,59.5,0.61,3.72,55.25,87.9,174.17,0.0,317.32,21.53,2904.44,5.24,6.29,220.76,277.91,59.39,74.76,52,120.89,1.21,50.79,123.77
1399,61.7,0.67,3.73,55.25,94.53,190.0,0.0,339.78,23.06,3011.83,5.82,6.96,222.3,279.75,59.53,74.92,52,133.94,1.34,50.66,137.48
1400,64.3,0.83,3.75,55.25,102.66,237.5,0.0,395.41,26.86,3138.75,7.06,8.47,224.09,281.89,59.73,75.14,52,162.97,1.63,50.37,168.24
1401,67.7,0.99,3.77,55.25,113.8,281.04,0.0,450.09,30.59,3304.71,8.46,10.2,226.24,284.48,60.01,75.46,52,196.16,1.96,50.04,203.85
1402,71.4,1.0,3.79,55.25,126.58,285.0,0.0,466.83,31.72,3485.33,9.26,11.16,228.71,287.45,60.36,75.86,52,214.58,2.15,49.85,223.81
1403,74.9,0.94,3.81,55.25,139.3,269.17,0.0,463.71,31.49,3656.18,9.65,11.66,231.33,290.62,60.72,76.29,52,224.32,2.24,49.76,234.43
1404,78.2,0.86,3.83,55.25,151.84,245.42,0.0,452.51,30.7,3817.26,9.83,11.88,234.04,293.89,61.09,76.72,52,228.54,2.29,49.71,239.05
1405,81.1,0.79,3.85,55.25,163.31,225.63,0.0,444.19,30.12,3958.82,10.01,12.1,236.79,297.22,61.46,77.14,52,232.66,2.33,49.67,243.56
1406,83.9,0.75,3.88,55.25,174.78,213.75,0.0,443.78,30.07,4095.5,10.34,12.66,239.62,300.66,61.82,77.57,52,243.39,2.43,49.57,255.34
1407,86.5,0.72,3.9,55.25,185.78,205.83,0.0,446.87,30.27,4222.42,10.74,13.14,242.55,304.24,62.2,78.02,52,252.67,2.53,49.47,265.58
1408,89.1,0.71,3.92,55.25,197.12,201.87,0.0,454.25,30.76,4349.34,11.24,13.76,245.6,307.98,62.59,78.49,52,264.57,2.65,49.35,278.75
1409,91.6,0.68,3.95,55.25,208.34,193.96,0.0,457.55,30.97,4471.37,11.64,14.25,248.78,311.87,63.0,78.97,52,273.97,2.74,49.26,289.2
1410,94.0,0.65,3.97,55.25,219.4,186.04,0.0,460.69,31.17,4588.52,12.03,15.07,252.06,315.94,63.41,79.48,52,289.78,2.9,49.1,306.88
1411,96.3,0.61,4.0,55.25,230.27,174.17,0.0,459.68,31.08,4700.8,12.3,15.4,255.44,320.17,63.84,80.02,52,296.22,2.96,49.04,314.11
1412,98.4,0.57,4.03,55.25,240.42,162.29,0.0,457.96,30.95,4803.31,12.52,15.68,258.89,324.49,64.27,80.55,52,301.54,3.02,48.98,320.11
1413,100.4,0.51,4.06,55.25,250.29,146.46,0.0,452.0,30.53,4900.94,12.61,15.79,262.38,328.86,64.69,81.08,52,303.67,3.04,48.96,322.5
1414,102.1,0.44,4.08,55.25,258.84,126.67,0.0,440.75,29.75,4983.92,12.5,15.36,265.87,333.19,65.1,81.58,52,295.46,2.95,49.05,313.26
1415,103.6,0.39,4.11,55.25,266.5,110.83,0.0,432.58,29.18,5057.14,12.45,15.56,269.33,337.48,65.49,82.06,52,299.21,2.99,49.01,317.48
1416,104.9,0.36,4.14,55.25,273.23,102.92,0.0,431.4,29.09,5120.6,12.57,15.71,272.81,341.82,65.87,82.53,52,302.14,3.02,48.98,320.77
1417,106.2,0.35,4.17,55.25,280.04,98.96,0.0,434.25,29.27,5184.06,12.81,16.01,276.33,346.23,66.25,83.01,52,307.9,3.08,48.92,327.28
1418,107.4,0.32,4.2,55.25,286.41,91.04,0.0,432.7,29.16,5242.63,12.91,16.13,279.9,350.69,66.63,83.49,52,310.27,3.1,48.9,329.96
1419,108.5,0.26,4.23,55.25,292.3,75.21,0.0,422.76,28.47,5296.33,12.74,15.93,283.47,355.15,67.0,83.95,52,306.25,3.06,48.94,325.42
1420,109.3,0.19,4.26,55.25,296.63,55.42,0.0,407.3,27.4,5335.38,12.37,15.46,286.95,359.51,67.35,84.37,52,297.22,2.97,49.03,315.24
1421,109.9,0.17,4.29,55.25,299.9,47.5,0.0,402.65,27.08,5364.67,12.29,15.36,290.38,363.79,67.67,84.77,52,295.44,2.95,49.05,313.24
1422,110.5,0.14,4.32,55.25,303.18,39.58,0.0,398.01,26.76,5393.96,12.22,15.27,293.78,368.04,67.98,85.16,52,293.64,2.94,49.06,311.21
1423,110.9,0.1,4.35,55.25,305.38,27.71,0.0,388.34,26.09,5413.48,11.96,14.95,297.14,372.24,68.27,85.52,52,287.54,2.88,49.12,304.37
1424,111.2,0.07,4.38,55.25,307.03,19.79,0.0,382.08,25.66,5428.13,11.8,14.75,300.44,376.36,68.54,85.86,52,283.66,2.84,49.16,300.03
1425,111.4,0.07,4.41,55.25,308.14,19.79,0.0,383.18,25.73,5437.89,11.86,14.82,303.73,380.47,68.8,86.19,52,285.0,2.85,49.15,301.52
1426,111.7,0.07,4.45,55.25,309.8,19.79,0.0,384.84,25.85,5452.53,11.94,14.92,307.03,384.6,69.07,86.52,52,287.0,2.87,49.13,303.77
1427,111.9,0.08,4.48,55.25,310.91,23.75,0.0,389.91,26.19,5462.3,12.12,15.15,310.37,388.78,69.34,86.85,52,291.3,2.91,49.09,308.59
1428,112.3,0.15,4.51,55.25,313.14,43.54,0.0,411.93,27.7,5481.82,12.85,16.06,313.84,393.11,69.63,87.21,52,308.85,3.09,48.91,328.36
1429,113.0,0.25,4.54,55.25,317.05,71.25,0.0,443.55,29.86,5515.99,13.92,17.6,317.56,397.79,69.96,87.64,52,338.44,3.38,48.62,362.01
1430,114.1,0.38,4.57,55.25,323.26,106.88,0.0,485.38,32.71,5569.69,15.38,20.35,321.63,403.06,70.37,88.19,52,391.33,3.91,48.09,423.17
1431,115.7,0.47,4.6,55.25,332.39,134.58,0.0,522.22,35.22,5647.79,16.78,22.52,326.1,409.01,70.86,88.87,52,433.12,4.33,47.67,472.47
1432,117.5,0.5,4.63,55.25,342.81,142.5,0.0,540.56,36.47,5735.66,17.64,23.68,330.88,415.43,71.39,89.63,52,455.31,4.55,47.45,499.0
1433,119.3,0.49,4.67,55.25,353.39,138.54,0.0,547.18,36.9,5823.52,18.13,24.33,335.85,422.1,71.95,90.43,52,467.95,4.68,47.32,514.22
1434,121.0,0.4,4.7,55.25,363.54,114.79,0.0,533.58,35.96,5906.51,17.93,24.07,340.86,428.82,72.51,91.22,52,462.81,4.63,47.37,508.03
1435,122.2,0.26,4.73,55.25,370.78,75.21,0.0,501.24,33.73,5965.08,17.01,22.51,345.71,435.29,73.02,91.93,52,432.8,4.33,47.67,472.1
1436,122.9,0.11,4.77,55.25,375.04,31.67,0.0,461.96,31.04,5999.25,15.77,20.86,350.27,441.31,73.45,92.54,52,401.17,4.01,47.99,434.71
1437,123.0,0.0,4.8,55.25,375.65,0.0,0.0,430.9,28.91,6004.13,14.72,19.07,354.5,446.86,73.81,93.04,52,366.65,3.67,48.33,394.46
1438,122.9,-0.04,4.84,55.25,375.04,-11.87,0.0,418.42,28.05,5999.25,14.28,18.06,358.53,452.01,74.12,93.45,52,347.24,3.47,48.53,372.08
1439,122.7,-0.04,4.87,55.25,373.82,-11.88,0.0,417.2,27.97,5989.49,14.22,17.97,362.49,457.02,74.41,93.82,52,345.66,3.46,48.54,370.27
1440,122.6,-0.04,4.91,55.25,373.21,-11.87,0.0,416.59,27.93,5984.61,14.19,17.93,366.43,462.0,74.7,94.18,52,344.87,3.45,48.55,369.37
1441,122.4,-0.04,4.94,55.25,372.0,-11.87,0.0,415.37,27.85,5974.85,14.12,17.85,370.37,466.97,74.98,94.54,52,343.31,3.43,48.57,367.57
1442,122.3,-0.03,4.97,55.25,371.39,-7.92,0.0,418.72,28.08,5969.96,14.22,17.98,374.3,471.95,75.26,94.9,52,345.79,3.46,48.54,370.43
1443,122.2,-0.01,5.01,55.25,370.78,-3.96,0.0,422.07,28.31,5965.08,14.33,18.11,378.27,476.96,75.54,95.25,52,348.28,3.48,48.52,373.28
1444,122.2,0.0,5.04,55.25,370.78,0.0,0.0,426.03,28.58,5965.08,14.46,18.28,382.27,482.02,75.83,95.62,52,351.54,3.52,48.48,377.03
1445,122.2,0.0,5.08,55.25,370.78,0.0,0.0,426.03,28.58,5965.08,14.46,18.28,386.28,487.09,76.11,95.98,52,351.54,3.52,48.48,377.03
1446,122.2,0.01,5.11,55.25,370.78,3.96,0.0,429.99,28.85,5965.08,14.6,18.45,390.32,492.2,76.4,96.34,52,354.81,3.55,48.45,380.79
1447,122.3,0.03,5.14,55.25,371.39,7.92,0.0,434.56,29.16,5969.96,14.76,18.66,394.4,497.35,76.69,96.7,52,358.87,3.59,48.41,385.47
1448,122.4,0.01,5.18,55.25,372.0,3.96,0.0,431.21,28.93,5974.85,14.66,18.53,398.48,502.52,76.97,97.07,52,356.39,3.56,48.44,382.62
1449,122.4,0.01,5.21,55.25,372.0,3.96,0.0,431.21,28.93,5974.85,14.66,18.53,402.56,507.66,77.25,97.42,52,356.39,3.56,48.44,382.62
1450,122.5,0.01,5.25,55.25,372.61,3.96,0.0,431.81,28.97,5979.73,14.69,18.57,406.63,512.82,77.53,97.77,52,357.19,3.57,48.43,383.53
1451,122.5,0.0,5.28,55.25,372.61,0.0,0.0,427.86,28.7,5979.73,14.56,18.4,410.7,517.95,77.8,98.11,52,353.91,3.54,48.46,379.76
1452,122.5,0.0,5.31,55.25,372.61,0.0,0.0,427.86,28.7,5979.73,14.56,18.4,414.74,523.07,78.06,98.45,52,353.91,3.54,48.46,379.76
1453,122.5,0.01,5.35,55.25,372.61,3.96,0.0,431.81,28.97,5979.73,14.69,18.57,418.8,528.2,78.32,98.78,52,357.19,3.57,48.43,383.53
1454,122.6,0.04,5.38,55.25,373.21,11.87,0.0,440.34,29.56,5984.61,15.0,18.96,422.93,533.41,78.59,99.13,52,364.54,3.65,48.35,392.02
1455,122.8,0.06,5.42,55.25,374.43,15.83,0.0,445.52,29.91,5994.37,15.2,19.21,427.12,538.71,78.87,99.48,52,369.42,3.69,48.31,397.68
1456,123.0,0.06,5.45,55.25,375.65,15.83,0.0,446.74,29.99,6004.13,15.26,19.77,431.35,544.13,79.16,99.85,52,380.12,3.8,48.2,410.1
1457,123.2,0.04,5.48,55.25,376.88,11.87,0.0,444.0,29.8,6013.9,15.19,19.68,435.58,549.61,79.43,100.23,52,378.41,3.78,48.22,408.1
1458,123.3,0.03,5.52,55.25,377.49,7.92,0.0,440.65,29.57,6018.78,15.09,19.54,439.79,555.05,79.7,100.59,52,375.86,3.76,48.24,405.14
1459,123.4,0.03,5.55,55.25,378.1,7.92,0.0,441.27,29.61,6023.66,15.13,19.59,443.98,560.49,79.97,100.95,52,376.69,3.77,48.23,406.11
1460,123.5,0.01,5.59,55.25,378.71,3.96,0.0,437.92,29.38,6028.54,15.02,19.45,448.17,565.91,80.23,101.3,52,374.13,3.74,48.26,403.14
1461,123.5,0.01,5.62,55.25,378.71,3.96,0.0,437.92,29.38,6028.54,15.02,19.45,452.35,571.32,80.48,101.65,52,374.13,3.74,48.26,403.14
1462,123.6,0.04,5.66,55.25,379.33,11.87,0.0,446.45,29.97,6033.42,15.33,19.85,456.56,576.77,80.74,101.99,52,381.73,3.82,48.18,411.97
1463,123.8,0.06,5.69,55.25,380.56,15.83,0.0,451.64,30.32,6043.18,15.53,20.77,460.85,582.42,81.0,102.37,52,399.36,3.99,48.01,432.58
1464,124.0,0.06,5.72,55.25,381.79,15.83,0.0,452.87,30.4,6052.95,15.6,20.86,465.17,588.2,81.27,102.76,52,401.09,4.01,47.99,434.62
1465,124.2,0.07,5.76,55.25,383.02,19.79,0.0,458.06,30.76,6062.71,15.8,21.13,469.53,594.03,81.54,103.16,52,406.34,4.06,47.94,440.79
1466,124.5,0.07,5.79,55.25,384.87,19.79,0.0,459.91,30.88,6077.35,15.91,21.27,473.94,599.92,81.81,103.56,52,408.97,4.09,47.91,443.88
1467,124.7,0.06,5.83,55.25,386.11,15.83,0.0,457.19,30.69,6087.12,15.84,21.17,478.34,605.81,82.09,103.96,52,407.21,4.07,47.93,441.8
1468,124.9,0.06,5.86,55.25,387.35,15.83,0.0,458.43,30.78,6096.88,15.91,21.27,482.75,611.71,82.35,104.35,52,408.97,4.09,47.91,443.88
1469,125.1,0.04,5.9,55.25,388.59,11.87,0.0,455.71,30.59,6106.64,15.84,21.17,487.16,617.6,82.61,104.73,52,407.19,4.07,47.93,441.79
1470,125.2,0.03,5.93,55.25,389.21,7.92,0.0,452.38,30.36,6111.52,15.73,21.04,491.55,623.46,82.87,105.11,52,404.54,4.05,47.95,438.66
1471,125.3,0.01,5.97,55.25,389.83,3.96,0.0,449.04,30.13,6116.41,15.63,20.9,495.9,629.29,83.12,105.47,52,401.87,4.02,47.98,435.53
1472,125.3,0.0,6.0,55.25,389.83,0.0,0.0,445.08,29.86,6116.41,15.49,20.06,500.22,634.98,83.35,105.81,52,385.8,3.86,48.14,416.71
1473,125.3,-0.01,6.04,55.25,389.83,-3.96,0.0,441.12,29.59,6116.41,15.35,19.88,504.51,640.52,83.58,106.12,52,382.36,3.82,48.18,412.71
1474,125.2,-0.04,6.07,55.25,389.21,-11.87,0.0,432.59,29.0,6111.52,15.04,19.48,508.73,645.99,83.8,106.41,52,374.66,3.75,48.25,403.75
1475,125.0,-0.06,6.11,55.25,387.97,-15.83,0.0,427.39,28.65,6101.76,14.84,19.22,512.88,651.37,84.0,106.69,52,369.57,3.7,48.3,397.84
1476,124.8,-0.06,6.14,55.25,386.73,-15.83,0.0,426.14,28.57,6092.0,14.77,19.13,516.99,656.69,84.2,106.95,52,367.91,3.68,48.32,395.92
1477,124.6,-0.06,6.17,55.25,385.49,-15.83,0.0,424.91,28.48,6082.24,14.71,19.04,521.09,661.99,84.39,107.21,52,366.25,3.66,48.34,394.0
1478,124.4,-0.04,6.21,55.25,384.25,-11.87,0.0,427.63,28.67,6072.47,14.78,19.14,525.18,667.3,84.58,107.47,52,368.0,3.68,48.32,396.03
1479,124.3,-0.07,6.24,55.25,383.64,-19.79,0.0,419.09,28.09,6067.59,14.47,18.74,529.24,672.56,84.76,107.71,52,360.37,3.6,48.4,387.2
1480,123.9,-0.14,6.28,55.25,381.17,-39.58,0.0,396.84,26.57,6048.07,13.66,17.69,533.15,677.62,84.92,107.93,52,340.13,3.4,48.6,363.94
1481,123.3,-0.25,6.31,55.25,377.49,-71.25,0.0,361.49,24.15,6018.78,12.38,15.79,536.77,682.27,85.03,108.08,52,303.73,3.04,48.96,322.57
1482,122.1,-0.42,6.35,55.25,370.18,-118.75,0.0,306.68,20.41,5960.2,10.4,13.01,539.93,686.27,85.07,108.13,52,250.28,2.5,49.5,262.94
1483,120.3,-0.57,6.38,55.25,359.34,-162.29,0.0,252.3,16.7,5872.34,8.43,10.5,542.55,689.53,85.03,108.07,52,201.96,2.02,49.98,210.12
1484,118.0,-0.67,6.41,55.25,345.73,-190.0,0.0,210.98,13.89,5760.06,6.92,8.69,544.68,692.2,84.93,107.93,52,167.16,1.67,50.33,172.71
1485,115.5,-0.67,6.45,55.25,331.24,-190.0,0.0,196.49,12.91,5638.03,6.3,7.92,546.52,694.51,84.78,107.74,52,152.38,1.52,50.48,156.98
1486,113.2,-0.6,6.48,55.25,318.18,-170.21,0.0,203.22,13.39,5525.76,6.39,8.03,548.28,696.72,84.64,107.56,52,154.46,1.54,50.46,159.19
1487,111.2,-0.43,6.51,55.25,307.03,-122.71,0.0,239.58,15.9,5428.13,7.4,9.25,550.19,699.12,84.53,107.41,52,177.87,1.78,50.22,184.17
1488,110.1,-0.21,6.54,55.25,300.99,-59.37,0.0,296.86,19.83,5374.43,9.08,11.35,552.48,701.98,84.48,107.34,52,218.22,2.18,49.82,227.78
1489,109.7,-0.04,6.57,55.25,298.81,-11.87,0.0,342.18,22.94,5354.91,10.43,13.08,555.19,705.38,84.5,107.36,52,251.47,2.51,49.49,264.25
1490,109.8,0.06,6.6,55.25,299.35,15.83,0.0,370.43,24.87,5359.79,11.3,14.17,558.21,709.16,84.57,107.44,52,272.48,2.72,49.28,287.55
1491,110.1,0.08,6.63,55.25,300.99,23.75,0.0,379.99,25.53,5374.43,11.62,14.52,561.39,713.15,84.66,107.54,52,279.32,2.79,49.21,295.18
1492,110.4,0.08,6.66,55.25,302.63,23.75,0.0,381.63,25.64,5389.08,11.7,14.63,564.63,717.19,84.76,107.66,52,281.3,2.81,49.19,297.38
1493,110.7,0.07,6.69,55.25,304.28,19.79,0.0,379.32,25.48,5403.72,11.66,14.58,567.88,721.25,84.85,107.77,52,280.35,2.8,49.2,296.33
1494,110.9,0.03,6.72,55.25,305.38,7.92,0.0,368.55,24.74,5413.48,11.35,14.24,571.07,725.25,84.94,107.87,52,273.8,2.74,49.26,289.02
1495,110.9,-0.01,6.75,55.25,305.38,-3.96,0.0,356.67,23.92,5413.48,10.99,13.78,574.18,729.14,85.01,107.95,52,264.98,2.65,49.35,279.21
1496,110.8,-0.04,6.78,55.25,304.83,-11.88,0.0,348.2,23.34,5408.6,10.72,13.44,577.19,732.93,85.07,108.02,52,258.46,2.58,49.42,271.98
1497,110.6,-0.06,6.82,55.25,303.73,-15.83,0.0,343.15,23.0,5398.84,10.54,13.22,580.14,736.63,85.12,108.08,52,254.24,2.54,49.46,267.31
1498,110.4,-0.07,6.85,55.25,302.63,-19.79,0.0,338.09,22.65,5389.08,10.37,13.0,583.05,740.27,85.16,108.13,52,250.05,2.5,49.5,262.68
1499,110.1,-0.07,6.88,55.25,300.99,-19.79,0.0,336.45,22.54,5374.43,10.29,12.9,585.92,743.87,85.2,108.17,52,248.15,2.48,49.52,260.59
1500,109.9,-0.04,6.91,55.25,299.9,-11.87,0.0,343.27,23.01,5364.67,10.48,13.14,588.8,747.49,85.24,108.21,52,252.73,2.53,49.47,265.64
1501,109.8,0.0,6.94,55.25,299.35,0.0,0.0,354.6,23.79,5359.79,10.82,13.56,591.76,751.19,85.29,108.27,52,260.83,2.61,49.39,274.61
1502,109.9,0.06,6.97,55.25,299.9,15.83,0.0,370.98,24.91,5364.67,11.33,14.2,594.83,755.05,85.36,108.35,52,273.13,2.73,49.27,288.27
1503,110.2,0.07,7.0,55.25,301.54,19.79,0.0,376.58,25.29,5379.31,11.53,14.41,598.01,759.02,85.44,108.44,52,277.07,2.77,49.23,292.66
1504,110.4,0.07,7.03,55.25,302.63,19.79,0.0,377.67,25.36,5389.08,11.58,14.48,601.22,763.04,85.52,108.54,52,278.38,2.78,49.22,294.12
1505,110.7,0.04,7.06,55.25,304.28,11.87,0.0,371.4,24.93,5403.72,11.42,14.32,604.41,767.04,85.6,108.64,52,275.43,2.75,49.25,290.84
1506,110.7,-0.06,7.09,55.25,304.28,-15.83,0.0,343.7,23.04,5403.72,10.57,13.25,607.47,770.87,85.66,108.71,52,254.88,2.55,49.45,268.02
1507,110.3,-0.19,7.12,55.25,302.08,-55.42,0.0,301.92,20.18,5384.19,9.25,11.6,610.22,774.32,85.68,108.72,52,223.09,2.23,49.77,233.09
1508,109.3,-0.32,7.15,55.25,296.63,-91.04,0.0,260.84,17.37,5335.38,7.92,9.9,612.6,777.3,85.65,108.68,52,190.35,1.9,50.1,197.58
1509,108.0,-0.39,7.18,55.25,289.62,-110.83,0.0,234.03,15.54,5271.92,7.02,8.78,614.68,779.9,85.58,108.58,52,168.75,1.69,50.31,174.41
1510,106.5,-0.36,7.21,55.25,281.63,-102.92,0.0,233.96,15.55,5198.7,6.92,8.65,616.62,782.32,85.49,108.47,52,166.36,1.66,50.34,171.86
1511,105.4,-0.22,7.24,55.25,275.84,-63.33,0.0,267.76,17.87,5145.01,7.84,9.8,618.67,784.88,85.43,108.38,52,188.42,1.88,50.12,195.51
1512,104.9,-0.1,7.27,55.25,273.23,-27.71,0.0,300.77,20.14,5120.6,8.76,10.99,620.97,787.77,85.4,108.34,52,211.36,2.11,49.89,220.32
1513,104.7,-0.08,7.3,55.25,272.19,-23.75,0.0,303.69,20.34,5110.84,8.83,11.08,623.42,790.83,85.4,108.33,52,213.01,2.13,49.87,222.1
1514,104.3,-0.15,7.33,55.25,270.11,-43.54,0.0,281.82,18.85,5091.31,8.16,10.2,625.78,793.79,85.38,108.3,52,196.25,1.96,50.04,203.95
1515,103.6,-0.24,7.36,55.25,266.5,-67.29,0.0,254.46,16.98,5057.14,7.32,9.15,627.93,796.48,85.34,108.24,52,176.01,1.76,50.24,182.17
1516,102.6,-0.26,7.39,55.25,261.38,-75.21,0.0,241.42,16.09,5008.33,6.88,8.6,629.9,798.94,85.27,108.16,52,165.38,1.65,50.35,170.81
1517,101.7,-0.25,7.42,55.25,256.81,-71.25,0.0,240.81,16.06,4964.39,6.8,8.37,631.8,801.3,85.2,108.06,52,160.98,1.61,50.39,166.12
1518,100.8,-0.21,7.44,55.25,252.29,-59.37,0.0,248.16,16.56,4920.46,6.95,8.55,633.71,803.65,85.14,107.97,52,164.42,1.64,50.36,169.79
1519,100.2,-0.14,7.47,55.25,249.29,-39.58,0.0,264.96,17.72,4891.17,7.37,9.07,635.7,806.1,85.09,107.89,52,174.51,1.75,50.25,180.57
1520,99.8,-0.07,7.5,55.25,247.31,-19.79,0.0,282.77,18.94,4871.65,7.84,9.65,637.81,808.7,85.05,107.84,52,185.49,1.85,50.15,192.35
1521,99.7,-0.01,7.53,55.25,246.81,-3.96,0.0,298.1,19.99,4866.77,8.26,10.16,640.05,811.45,85.04,107.81,52,195.36,1.95,50.05,202.98
1522,99.7,0.04,7.55,55.25,246.81,11.87,0.0,313.94,21.08,4866.77,8.69,10.63,642.4,814.33,85.04,107.8,52,204.37,2.04,49.96,212.74
1523,100.0,0.14,7.58,55.25,248.3,39.58,0.0,343.13,23.08,4881.41,9.53,11.65,644.93,817.43,85.06,107.81,52,224.05,2.24,49.76,234.14
1524,100.7,0.25,7.61,55.25,251.79,71.25,0.0,378.29,25.48,4915.58,10.58,13.01,647.73,820.85,85.12,107.87,52,250.11,2.5,49.5,262.75
1525,101.8,0.35,7.64,55.25,257.32,98.96,0.0,411.53,27.75,4969.27,11.64,14.3,650.81,824.65,85.21,107.97,52,275.06,2.75,49.25,290.42
1526,103.2,0.43,7.67,55.25,264.45,122.71,0.0,442.4,29.85,5037.61,12.68,15.85,654.19,828.83,85.33,108.11,52,304.82,3.05,48.95,323.8
1527,104.9,0.47,7.7,55.25,273.23,134.58,0.0,463.06,31.25,5120.6,13.49,17.41,657.83,833.45,85.48,108.3,52,334.86,3.35,48.65,357.91
1528,106.6,0.47,7.72,55.25,282.16,134.58,0.0,471.99,31.85,5203.58,13.98,18.04,661.64,838.38,85.65,108.53,52,346.85,3.47,48.53,371.64
1529,108.3,0.46,7.75,55.25,291.23,130.63,0.0,477.1,32.19,5286.57,14.35,18.52,665.58,843.46,85.83,108.77,52,356.2,3.56,48.44,382.39
1530,109.9,0.43,7.78,55.25,299.9,122.71,0.0,477.86,32.23,5364.67,14.59,18.83,669.6,848.64,86.01,109.01,52,362.03,3.62,48.38,389.12
1531,111.4,0.39,7.82,55.25,308.14,110.83,0.0,474.22,31.97,5437.89,14.67,18.94,673.66,853.89,86.19,109.25,52,364.18,3.64,48.36,391.61
1532,112.7,0.32,7.85,55.25,315.37,91.04,0.0,461.66,31.1,5501.35,14.45,19.12,677.71,859.17,86.37,109.49,52,367.64,3.68,48.32,395.61
1533,113.7,0.22,7.88,55.25,320.99,63.33,0.0,439.58,29.58,5550.16,13.88,17.55,681.64,864.27,86.52,109.7,52,337.49,3.37,48.63,360.91
1534,114.3,0.12,7.91,55.25,324.39,35.62,0.0,415.27,27.91,5579.45,13.18,16.67,685.4,869.02,86.65,109.86,52,320.51,3.21,48.79,341.56
1535,114.6,0.1,7.94,55.25,326.1,27.71,0.0,409.05,27.48,5594.1,13.02,16.46,689.04,873.62,86.76,110.0,52,316.54,3.17,48.83,337.06
1536,115.0,0.11,7.97,55.25,328.38,31.67,0.0,415.29,27.91,5613.62,13.27,16.77,692.69,878.23,86.87,110.14,52,322.49,3.22,48.78,343.81
1537,115.4,0.11,8.01,55.25,330.67,31.67,0.0,417.58,28.06,5633.15,13.39,16.92,696.39,882.91,86.99,110.29,52,325.39,3.25,48.75,347.12
1538,115.8,0.11,8.04,55.25,332.96,31.67,0.0,419.88,28.21,5652.67,13.51,17.07,700.13,887.63,87.11,110.43,52,328.32,3.28,48.72,350.44
1539,116.2,0.1,8.07,55.25,335.27,27.71,0.0,418.22,28.1,5672.2,13.5,17.06,703.88,892.38,87.22,110.58,52,328.15,3.28,48.72,350.26
1540,116.5,0.06,8.1,55.25,337.0,15.83,0.0,408.08,27.4,5686.84,13.21,16.69,707.59,897.06,87.33,110.72,52,321.02,3.21,48.79,342.15
1541,116.6,0.03,8.13,55.25,337.58,7.92,0.0,400.74,26.9,5691.72,12.98,16.41,711.23,901.66,87.43,110.84,52,315.52,3.16,48.84,335.9
1542,116.7,0.03,8.17,55.25,338.16,7.92,0.0,401.32,26.93,5696.6,13.01,16.44,714.83,906.22,87.53,110.96,52,316.25,3.16,48.84,336.73
1543,116.8,0.04,8.2,55.25,338.74,11.87,0.0,405.86,27.24,5701.49,13.17,16.65,718.47,910.82,87.62,111.08,52,320.1,3.2,48.8,341.1
1544,117.0,0.1,8.23,55.25,339.9,27.71,0.0,422.86,28.41,5711.25,13.74,17.37,722.21,915.54,87.73,111.22,52,334.07,3.34,48.66,357.01
1545,117.5,0.18,8.26,55.25,342.81,51.46,0.0,449.52,30.23,5735.66,14.67,19.41,726.15,920.65,87.86,111.4,52,373.21,3.73,48.27,402.07
1546,118.3,0.24,8.3,55.25,347.49,67.29,0.0,470.03,31.63,5774.71,15.45,20.43,730.34,926.19,88.02,111.63,52,392.9,3.93,48.07,425.02
1547,119.2,0.25,8.33,55.25,352.8,71.25,0.0,479.3,32.26,5818.64,15.87,20.99,734.69,931.94,88.19,111.87,52,403.7,4.04,47.96,437.68
1548,120.1,0.22,8.36,55.25,358.15,63.33,0.0,476.73,32.07,5862.57,15.9,21.04,739.1,937.78,88.37,112.13,52,404.57,4.05,47.95,438.7
1549,120.8,0.14,8.4,55.25,362.34,39.58,0.0,457.17,30.73,5896.74,15.34,20.29,743.44,943.52,88.54,112.36,52,390.23,3.9,48.1,421.89
1550,121.1,-0.01,8.43,55.25,364.14,-3.96,0.0,415.43,27.86,5911.39,13.97,17.66,747.51,948.79,88.67,112.54,52,339.71,3.4,48.6,363.45
1551,120.7,-0.29,8.46,55.25,361.74,-83.12,0.0,333.86,22.28,5891.86,11.19,14.01,751.01,953.19,88.73,112.61,52,269.35,2.69,49.31,284.06
1552,119.0,-0.61,8.5,55.25,351.62,-174.17,0.0,232.7,15.37,5808.88,7.69,9.58,753.63,956.46,88.69,112.56,52,184.26,1.84,50.16,191.03
1553,116.3,-0.82,8.53,55.25,335.84,-233.54,0.0,157.55,10.24,5677.08,5.09,6.4,755.41,958.68,88.56,112.39,52,123.03,1.23,50.77,126.01
1554,113.1,-0.83,8.56,55.25,317.62,-237.5,0.0,135.37,8.75,5520.87,4.25,5.97,756.7,960.4,88.38,112.17,52,114.88,1.15,50.85,117.48
1555,110.3,-0.57,8.59,55.25,302.08,-162.29,0.0,195.04,12.86,5384.19,5.98,7.64,758.12,962.29,88.23,111.99,52,146.94,1.47,50.53,151.21
1556,109.0,-0.12,8.62,55.25,295.01,-35.62,0.0,314.63,21.06,5320.74,9.53,11.95,760.28,965.01,88.16,111.91,52,229.74,2.3,49.7,240.36
1557,109.4,0.19,8.65,55.25,297.17,55.42,0.0,407.84,27.44,5340.26,12.39,15.49,763.32,968.82,88.21,111.95,52,297.89,2.98,49.02,315.99
1558,110.4,0.26,8.68,55.25,302.63,75.21,0.0,433.09,29.16,5389.08,13.28,16.6,766.89,973.28,88.31,112.07,52,319.23,3.19,48.81,340.1
1559,111.3,0.15,8.72,55.25,307.59,43.54,0.0,406.38,27.32,5433.01,12.56,15.7,770.48,977.77,88.41,112.19,52,301.98,3.02,48.98,320.6
1560,111.5,-0.17,8.75,55.25,308.69,-47.5,0.0,316.44,21.16,5442.77,9.8,12.29,773.58,981.65,88.45,112.24,52,236.37,2.36,49.64,247.62
1561,110.1,-0.57,8.78,55.25,300.99,-162.29,0.0,193.95,12.78,5374.43,5.93,7.58,775.77,984.41,88.39,112.16,52,145.85,1.46,50.54,150.06
1562,107.4,-0.79,8.81,55.25,286.41,-225.62,0.0,116.03,7.47,5242.63,3.46,4.98,777.07,986.16,88.23,111.97,52,95.69,0.96,51.04,97.48
1563,104.4,-0.78,8.84,55.25,270.63,-221.67,0.0,104.21,6.68,5096.19,3.02,4.34,777.97,987.45,88.04,111.75,52,83.54,0.84,51.16,84.91
1564,101.8,-0.61,8.87,55.25,257.32,-174.17,0.0,138.4,9.04,4969.27,3.91,5.21,778.94,988.78,87.87,111.54,52,100.15,1.0,51.0,102.12
1565,100.0,-0.38,8.89,55.25,248.3,-106.88,0.0,196.67,13.04,4881.41,5.46,6.82,780.24,990.45,87.73,111.37,52,131.16,1.31,50.69,134.56
1566,99.1,-0.18,8.92,55.25,243.85,-51.46,0.0,247.64,16.54,4837.48,6.82,8.39,781.94,992.56,87.65,111.26,52,161.31,1.61,50.39,166.47
1567,98.7,-0.12,8.95,55.25,241.89,-35.62,0.0,261.51,17.49,4817.95,7.17,8.82,783.89,994.95,87.6,111.19,52,169.66,1.7,50.3,175.38
1568,98.2,0.04,8.98,55.25,239.44,11.87,0.0,306.57,20.58,4793.54,8.36,10.22,786.04,997.6,87.58,111.15,52,196.57,1.97,50.03,204.3
1569,99.0,0.32,9.0,55.25,243.36,91.04,0.0,389.65,26.27,4832.6,10.72,13.17,788.69,1000.85,87.6,111.17,52,253.28,2.53,49.47,266.24
1570,100.5,0.46,9.03,55.25,250.79,130.62,0.0,436.66,29.48,4905.82,12.19,14.98,791.88,1004.76,87.69,111.26,52,288.14,2.88,49.12,305.04
1571,102.3,0.47,9.06,55.25,259.85,134.58,0.0,449.69,30.36,4993.68,12.78,16.01,795.34,1009.06,87.8,111.39,52,307.83,3.08,48.92,327.2
1572,103.9,0.38,9.09,55.25,268.05,106.88,0.0,430.17,29.01,5071.78,12.42,15.52,798.84,1013.44,87.91,111.52,52,298.4,2.98,49.02,316.57
1573,105.0,0.26,9.12,55.25,273.75,75.21,0.0,404.21,27.22,5125.48,11.79,14.73,802.2,1017.64,87.99,111.63,52,283.36,2.83,49.17,299.7
1574,105.8,0.19,9.15,55.25,277.94,55.42,0.0,388.6,26.15,5164.53,11.42,14.27,805.43,1021.67,88.07,111.71,52,274.5,2.75,49.25,289.8
1575,106.4,0.18,9.18,55.25,281.1,51.46,0.0,387.81,26.09,5193.82,11.46,14.33,808.61,1025.64,88.13,111.78,52,275.49,2.75,49.25,290.9
1576,107.1,0.18,9.2,55.25,284.81,51.46,0.0,391.52,26.34,5227.99,11.65,14.56,811.82,1029.65,88.19,111.86,52,279.96,2.8,49.2,295.89
1577,107.7,0.17,9.23,55.25,288.01,47.5,0.0,390.76,26.28,5257.28,11.69,14.61,815.06,1033.71,88.26,111.94,52,280.98,2.81,49.19,297.03
1578,108.3,0.18,9.26,55.25,291.23,51.46,0.0,397.94,26.77,5286.57,11.97,14.96,818.34,1037.81,88.33,112.02,52,287.73,2.88,49.12,304.59
1579,109.0,0.18,9.29,55.25,295.01,51.46,0.0,401.71,27.02,5320.74,12.16,15.2,821.7,1042.0,88.4,112.1,52,292.34,2.92,49.08,309.76
1580,109.6,0.18,9.33,55.25,298.26,51.46,0.0,404.97,27.24,5350.02,12.33,15.41,825.1,1046.25,88.48,112.2,52,296.34,2.96,49.04,314.24
1581,110.3,0.18,9.36,55.25,302.08,51.46,0.0,408.79,27.5,5384.19,12.52,15.65,828.55,1050.57,88.56,112.29,52,301.04,3.01,48.99,319.54
1582,110.9,0.17,9.39,55.25,305.38,47.5,0.0,408.13,27.45,5413.48,12.57,15.71,832.03,1054.92,88.64,112.39,52,302.19,3.02,48.98,320.83
1583,111.5,0.15,9.42,55.25,308.69,43.54,0.0,407.48,27.4,5442.77,12.62,15.77,835.53,1059.3,88.72,112.48,52,303.34,3.03,48.97,322.14
1584,112.0,0.11,9.45,55.25,311.47,31.67,0.0,398.38,26.77,5467.18,12.39,15.49,839.01,1063.64,88.8,112.57,52,297.9,2.98,49.02,316.0
1585,112.3,0.08,9.48,55.25,313.14,23.75,0.0,392.14,26.34,5481.82,12.23,15.29,842.43,1067.92,88.87,112.65,52,294.01,2.94,49.06,311.63
1586,112.6,0.08,9.51,55.25,314.81,23.75,0.0,393.81,26.45,5496.47,12.32,15.4,845.84,1072.18,88.93,112.73,52,296.06,2.96,49.04,313.93
1587,112.9,0.07,9.54,55.25,316.49,19.79,0.0,391.54,26.29,5511.11,12.28,15.52,849.25,1076.47,89.0,112.81,52,298.49,2.98,49.02,316.67
1588,113.1,0.06,9.57,55.25,317.62,15.83,0.0,388.7,26.1,5520.87,12.21,15.44,852.66,1080.77,89.06,112.89,52,296.85,2.97,49.03,314.82
1589,113.3,0.03,9.61,55.25,318.74,7.92,0.0,381.91,25.63,5530.64,12.02,15.19,856.02,1085.02,89.12,112.96,52,292.18,2.92,49.08,309.57
1590,113.3,-0.01,9.64,55.25,318.74,-3.96,0.0,370.03,24.82,5530.64,11.65,14.57,859.31,1089.16,89.17,113.02,52,280.23,2.8,49.2,296.19
1591,113.2,-0.01,9.67,55.25,318.18,-3.96,0.0,369.47,24.78,5525.76,11.62,14.54,862.54,1093.2,89.22,113.07,52,279.55,2.8,49.2,295.44
1592,113.2,0.01,9.7,55.25,318.18,3.96,0.0,377.39,25.32,5525.76,11.87,15.0,865.8,1097.3,89.26,113.13,52,288.47,2.88,49.12,305.41
1593,113.3,0.04,9.73,55.25,318.74,11.87,0.0,385.86,25.9,5530.64,12.14,15.35,869.14,1101.52,89.32,113.2,52,295.21,2.95,49.05,312.98
1594,113.5,0.08,9.76,55.25,319.87,23.75,0.0,398.87,26.79,5540.4,12.58,15.9,872.57,1105.86,89.38,113.28,52,305.69,3.06,48.94,324.79
1595,113.9,0.11,9.79,55.25,322.12,31.67,0.0,409.04,27.49,5559.93,12.94,16.36,876.11,1110.34,89.45,113.37,52,314.6,3.15,48.85,334.85
1596,114.3,0.1,9.83,55.25,324.39,27.71,0.0,407.35,27.37,5579.45,12.93,16.35,879.71,1114.88,89.53,113.47,52,314.4,3.14,48.86,334.63
1597,114.6,0.08,9.86,55.25,326.1,23.75,0.0,405.1,27.21,5594.1,12.9,16.3,883.29,1119.42,89.61,113.56,52,313.48,3.13,48.87,333.59
1598,114.9,0.07,9.89,55.25,327.81,19.79,0.0,402.85,27.05,5608.74,12.86,16.25,886.87,1123.94,89.68,113.65,52,312.55,3.13,48.87,332.54
1599,115.1,0.06,9.92,55.25,328.95,15.83,0.0,400.03,26.86,5618.5,12.79,16.17,890.43,1128.44,89.75,113.74,52,310.91,3.11,48.89,330.68
1600,115.3,0.04,9.95,55.25,330.09,11.88,0.0,397.22,26.66,5628.27,12.72,16.08,893.98,1132.92,89.82,113.82,52,309.26,3.09,48.91,328.81
1601,115.4,0.03,9.99,55.25,330.67,7.92,0.0,393.83,26.43,5633.15,12.62,15.96,897.5,1137.37,89.88,113.9,52,306.89,3.07,48.93,326.14
1602,115.5,0.03,10.02,55.25,331.24,7.92,0.0,394.41,26.47,5638.03,12.65,16.0,901.01,1141.81,89.94,113.98,52,307.6,3.08,48.92,326.94
1603,115.6,0.04,10.05,55.25,331.81,11.87,0.0,398.94,26.78,5642.91,12.81,16.19,904.54,1146.28,90.01,114.06,52,311.4,3.11,48.89,331.24
1604,115.8,0.04,10.08,55.25,332.96,11.88,0.0,400.09,26.86,5652.67,12.87,16.27,908.11,1150.79,90.08,114.15,52,312.84,3.13,48.87,332.87
1605,115.9,0.03,10.11,55.25,333.54,7.92,0.0,396.7,26.62,5657.55,12.77,16.14,911.67,1155.29,90.14,114.23,52,310.46,3.1,48.9,330.18
1606,116.0,0.01,10.15,55.25,334.11,3.96,0.0,393.32,26.39,5662.43,12.67,16.02,915.21,1159.76,90.2,114.31,52,308.08,3.08,48.92,327.49
1607,116.0,0.0,10.18,55.25,334.11,0.0,0.0,389.36,26.12,5662.43,12.55,15.86,918.71,1164.18,90.26,114.38,52,304.98,3.05,48.95,323.98
1608,116.0,0.0,10.21,55.25,334.11,0.0,0.0,389.36,26.12,5662.43,12.55,15.86,922.19,1168.59,90.32,114.45,52,304.98,3.05,48.95,323.98
1609,116.0,-0.01,10.24,55.25,334.11,-3.96,0.0,385.4,25.85,5662.43,12.42,15.7,925.66,1172.97,90.37,114.52,52,301.88,3.02,48.98,320.49
1610,115.9,-0.01,10.27,55.25,333.54,-3.96,0.0,384.83,25.81,5657.55,12.39,15.66,929.11,1177.33,90.43,114.58,52,301.17,3.01,48.99,319.69
1611,115.9,0.0,10.31,55.25,333.54,0.0,0.0,388.79,26.08,5657.55,12.52,15.82,932.57,1181.7,90.48,114.65,52,304.27,3.04,48.96,323.18
1612,115.9,-0.01,10.34,55.25,333.54,-3.96,0.0,384.83,25.81,5657.55,12.39,15.66,936.03,1186.07,90.53,114.72,52,301.17,3.01,48.99,319.69
1613,115.8,-0.01,10.37,55.25,332.96,-3.96,0.0,384.25,25.77,5652.67,12.36,15.62,939.46,1190.42,90.58,114.78,52,300.46,3.0,49.0,318.89
1614,115.8,0.0,10.4,55.25,332.96,0.0,0.0,388.21,26.04,5652.67,12.49,15.78,942.91,1194.78,90.63,114.84,52,303.56,3.04,48.96,322.38
1615,115.8,0.0,10.44,55.25,332.96,0.0,0.0,388.21,26.04,5652.67,12.49,15.78,946.38,1199.16,90.69,114.91,52,303.56,3.04,48.96,322.38
1616,115.8,0.0,10.47,55.25,332.96,0.0,0.0,388.21,26.04,5652.67,12.49,15.78,949.85,1203.55,90.74,114.97,52,303.56,3.04,48.96,322.38
1617,115.8,0.0,10.5,55.25,332.96,0.0,0.0,388.21,26.04,5652.67,12.49,15.78,953.32,1207.93,90.79,115.04,52,303.56,3.04,48.96,322.38
1618,115.8,0.01,10.53,55.25,332.96,3.96,0.0,392.17,26.32,5652.67,12.61,15.95,956.81,1212.34,90.85,115.11,52,306.65,3.07,48.93,325.87
1619,115.9,0.03,10.56,55.25,333.54,7.92,0.0,396.7,26.62,5657.55,12.77,16.14,960.33,1216.8,90.9,115.18,52,310.46,3.1,48.9,330.18
1620,116.0,0.04,10.6,55.25,334.11,11.87,0.0,401.24,26.93,5662.43,12.93,16.34,963.9,1221.31,90.96,115.25,52,314.28,3.14,48.86,334.5
1621,116.2,0.06,10.63,55.25,335.27,15.83,0.0,406.35,27.28,5672.2,13.12,16.58,967.52,1225.88,91.03,115.33,52,318.84,3.19,48.81,339.66
1622,116.4,0.06,10.66,55.25,336.42,15.83,0.0,407.5,27.36,5681.96,13.18,16.66,971.17,1230.5,91.09,115.42,52,320.29,3.2,48.8,341.32
1623,116.6,0.06,10.69,55.25,337.58,15.83,0.0,408.66,27.44,5691.72,13.24,16.73,974.84,1235.14,91.16,115.5,52,321.75,3.22,48.78,342.98
1624,116.8,0.06,10.73,55.25,338.74,15.83,0.0,409.82,27.52,5701.49,13.3,16.81,978.52,1239.79,91.23,115.59,52,323.22,3.23,48.77,344.64
1625,117.0,0.08,10.76,55.25,339.9,23.75,0.0,418.9,28.14,5711.25,13.61,17.21,982.26,1244.52,91.3,115.68,52,330.95,3.31,48.69,353.44
1626,117.4,0.13,10.79,55.25,342.23,35.63,0.0,433.1,29.11,5730.77,14.12,17.85,986.11,1249.39,91.38,115.78,52,343.34,3.43,48.57,367.61
1627,117.9,0.14,10.82,55.25,345.15,39.58,0.0,439.98,29.57,5755.18,14.41,18.21,990.08,1254.4,91.47,115.89,52,350.28,3.5,48.5,375.57
1628,118.4,0.12,10.86,55.25,348.08,35.62,0.0,438.96,29.5,5779.59,14.44,18.25,994.08,1259.46,91.57,116.01,52,350.94,3.51,48.49,376.34
1629,118.8,0.11,10.89,55.25,350.44,31.67,0.0,437.35,29.39,5799.11,14.43,18.24,998.09,1264.53,91.66,116.12,52,350.84,3.51,48.49,376.23
1630,119.2,0.1,10.92,55.25,352.8,27.71,0.0,435.76,29.27,5818.64,14.43,18.24,1002.1,1269.6,91.75,116.24,52,350.74,3.51,48.49,376.11
1631,119.5,0.07,10.96,55.25,354.58,19.79,0.0,429.62,28.85,5833.28,14.26,18.03,1006.09,1274.63,91.83,116.34,52,346.67,3.47,48.53,371.43
1632,119.7,0.06,10.99,55.25,355.77,15.83,0.0,426.85,28.66,5843.05,14.19,17.94,1010.04,1279.63,91.91,116.45,52,345.01,3.45,48.55,369.53
1633,119.9,0.06,11.02,55.25,356.96,15.83,0.0,428.04,28.74,5852.81,14.26,18.02,1013.99,1284.62,92.0,116.55,52,346.55,3.47,48.53,371.29
1634,120.1,0.06,11.06,55.25,358.15,15.83,0.0,429.23,28.82,5862.57,14.32,18.1,1017.96,1289.64,92.08,116.65,52,348.09,3.48,48.52,373.07
1635,120.3,0.06,11.09,55.25,359.34,15.83,0.0,430.43,28.9,5872.34,14.38,18.18,1021.94,1294.68,92.16,116.75,52,349.64,3.5,48.5,374.85
1636,120.5,0.07,11.12,55.25,360.54,19.79,0.0,435.58,29.25,5882.1,14.58,18.43,1025.97,1299.76,92.24,116.86,52,354.42,3.54,48.46,380.34
1637,120.8,0.08,11.16,55.25,362.34,23.75,0.0,441.34,29.64,5896.74,14.81,18.72,1030.05,1304.92,92.33,116.97,52,360.0,3.6,48.4,386.77
1638,121.1,0.1,11.19,55.25,364.14,27.71,0.0,447.1,30.03,5911.39,15.04,19.89,1034.19,1310.29,92.43,117.1,52,382.58,3.83,48.17,412.96
1639,121.5,0.13,11.22,55.25,366.55,35.63,0.0,457.42,30.74,5930.91,15.44,20.42,1038.43,1315.89,92.53,117.25,52,392.7,3.93,48.07,424.78
1640,122.0,0.11,11.26,55.25,369.57,31.67,0.0,456.49,30.67,5955.32,15.47,20.46,1042.72,1321.56,92.63,117.4,52,393.51,3.94,48.06,425.73
1641,122.3,0.08,11.29,55.25,371.39,23.75,0.0,450.39,30.25,5969.96,15.3,20.24,1046.99,1327.22,92.73,117.55,52,389.21,3.89,48.11,420.7
1642,122.6,0.08,11.32,55.25,373.21,23.75,0.0,452.21,30.37,5984.61,15.4,20.37,1051.26,1332.86,92.83,117.69,52,391.75,3.92,48.08,423.67
1643,122.9,0.07,11.36,55.25,375.04,19.79,0.0,450.08,30.22,5999.25,15.37,20.32,1055.53,1338.51,92.92,117.84,52,390.86,3.91,48.09,422.62
1644,123.1,0.04,11.39,55.25,376.26,11.87,0.0,443.39,29.76,6009.02,15.16,19.63,1059.77,1344.06,93.02,117.97,52,377.58,3.78,48.22,407.14
1645,123.2,0.04,11.43,55.25,376.88,11.88,0.0,444.0,29.8,6013.9,15.19,19.68,1063.99,1349.52,93.11,118.1,52,378.41,3.78,48.22,408.1
1646,123.4,0.04,11.46,55.25,378.1,11.87,0.0,445.23,29.89,6023.66,15.26,19.76,1068.22,1355.0,93.2,118.22,52,380.07,3.8,48.2,410.04
1647,123.5,0.04,11.5,55.25,378.71,11.87,0.0,445.84,29.93,6028.54,15.29,19.81,1072.46,1360.49,93.29,118.35,52,380.9,3.81,48.19,411.0
1648,123.7,0.06,11.53,55.25,379.94,15.83,0.0,451.02,30.28,6038.3,15.5,20.72,1076.74,1366.12,93.38,118.48,52,398.49,3.98,48.02,431.56
1649,123.9,0.07,11.56,55.25,381.17,19.79,0.0,456.21,30.63,6048.07,15.7,20.99,1081.07,1371.92,93.48,118.63,52,403.73,4.04,47.96,437.71
1650,124.2,0.07,11.6,55.25,383.02,19.79,0.0,458.06,30.76,6062.71,15.8,21.13,1085.45,1377.77,93.58,118.78,52,406.34,4.06,47.94,440.79
1651,124.4,0.07,11.63,55.25,384.25,19.79,0.0,459.29,30.84,6072.47,15.87,21.22,1089.85,1383.65,93.68,118.94,52,408.1,4.08,47.92,442.85
1652,124.7,0.08,11.67,55.25,386.11,23.75,0.0,465.11,31.24,6087.12,16.11,21.54,1094.29,1389.59,93.78,119.09,52,414.26,4.14,47.86,450.12
1653,125.0,0.07,11.7,55.25,387.97,19.79,0.0,463.01,31.09,6101.76,16.08,21.5,1098.76,1395.57,93.89,119.25,52,413.38,4.13,47.87,449.08
1654,125.2,0.04,11.74,55.25,389.21,11.87,0.0,456.34,30.63,6111.52,15.87,21.22,1103.2,1401.5,93.99,119.4,52,408.07,4.08,47.92,442.83
1655,125.3,-0.01,11.77,55.25,389.83,-3.96,0.0,441.12,29.59,6116.41,15.35,19.88,1107.53,1407.21,94.08,119.53,52,382.36,3.82,48.18,412.71
1656,125.1,-0.12,11.81,55.25,388.59,-35.62,0.0,408.21,27.34,6106.64,14.19,18.37,1111.63,1412.52,94.15,119.63,52,353.27,3.53,48.47,379.02
1657,124.4,-0.25,11.84,55.25,384.25,-71.25,0.0,368.25,24.6,6072.47,12.73,16.23,1115.37,1417.33,94.19,119.69,52,312.18,3.12,48.88,332.11
1658,123.3,-0.33,11.88,55.25,377.49,-95.0,0.0,337.74,22.52,6018.78,11.57,14.76,1118.75,1421.63,94.2,119.7,52,283.78,2.84,49.16,300.16
1659,122.0,-0.35,11.91,55.25,369.57,-98.96,0.0,325.86,21.72,5955.32,11.04,13.82,1121.89,1425.6,94.19,119.69,52,265.72,2.66,49.34,280.03
1660,120.8,-0.35,11.94,55.25,362.34,-98.96,0.0,318.63,21.24,5896.74,10.69,13.38,1124.91,1429.38,94.18,119.67,52,257.27,2.57,49.43,270.66
1661,119.5,-0.33,11.98,55.25,354.58,-95.0,0.0,314.83,20.99,5833.28,10.45,13.08,1127.84,1433.05,94.16,119.65,52,251.47,2.51,49.49,264.25
1662,118.4,-0.24,12.01,55.25,348.08,-67.29,0.0,336.04,22.45,5779.59,11.05,13.83,1130.83,1436.79,94.15,119.63,52,265.94,2.66,49.34,280.27
1663,117.8,-0.11,12.04,55.25,344.56,-31.67,0.0,368.15,24.65,5750.3,12.05,15.07,1134.04,1440.8,94.16,119.64,52,289.87,2.9,49.1,306.98
1664,117.6,-0.04,12.08,55.25,343.39,-11.87,0.0,386.77,25.93,5740.54,12.63,15.97,1137.46,1445.11,94.19,119.67,52,307.13,3.07,48.93,326.41
1665,117.5,-0.01,12.11,55.25,342.81,-3.96,0.0,394.1,26.43,5735.66,12.86,16.26,1141.01,1449.59,94.23,119.72,52,312.69,3.13,48.87,332.69
1666,117.5,-0.01,12.14,55.25,342.81,-3.96,0.0,394.1,26.43,5735.66,12.86,16.26,1144.58,1454.11,94.27,119.77,52,312.69,3.13,48.87,332.69
1667,117.4,-0.03,12.17,55.25,342.23,-7.92,0.0,389.56,26.12,5730.77,12.7,16.06,1148.13,1458.59,94.31,119.81,52,308.82,3.09,48.91,328.32
1668,117.3,-0.04,12.21,55.25,341.64,-11.88,0.0,385.02,25.81,5725.89,12.55,15.86,1151.64,1463.03,94.35,119.86,52,304.96,3.05,48.95,323.96
1669,117.1,-0.06,12.24,55.25,340.48,-15.83,0.0,379.9,25.46,5716.13,12.36,15.62,1155.1,1467.4,94.38,119.89,52,300.39,3.0,49.0,318.81
1670,116.9,-0.07,12.27,55.25,339.32,-19.79,0.0,374.78,25.11,5706.37,12.17,15.38,1158.5,1471.71,94.41,119.93,52,295.83,2.96,49.04,313.68
1671,116.6,-0.06,12.3,55.25,337.58,-15.83,0.0,376.99,25.27,5691.72,12.21,15.43,1161.89,1475.99,94.43,119.96,52,296.82,2.97,49.03,314.79
1672,116.5,-0.03,12.34,55.25,337.0,-7.92,0.0,384.33,25.77,5686.84,12.44,15.72,1165.31,1480.31,94.46,120.0,52,302.34,3.02,48.98,321.0
1673,116.4,-0.01,12.37,55.25,336.42,-3.96,0.0,387.71,26.0,5681.96,12.54,15.85,1168.78,1484.7,94.49,120.04,52,304.74,3.05,48.95,323.71
1674,116.4,0.01,12.4,55.25,336.42,3.96,0.0,395.63,26.55,5681.96,12.79,16.17,1172.3,1489.14,94.53,120.08,52,310.96,3.11,48.89,330.74
1675,116.5,0.04,12.43,55.25,337.0,11.87,0.0,404.12,27.13,5686.84,13.08,16.53,1175.89,1493.69,94.58,120.13,52,317.91,3.18,48.82,338.61
1676,116.7,0.07,12.47,55.25,338.16,19.79,0.0,413.2,27.75,5696.6,13.39,16.93,1179.57,1498.33,94.62,120.2,52,325.61,3.26,48.74,347.36
1677,117.0,0.08,12.5,55.25,339.9,23.75,0.0,418.9,28.14,5711.25,13.61,17.21,1183.32,1503.08,94.68,120.26,52,330.95,3.31,48.69,353.44
1678,117.3,0.1,12.53,55.25,341.64,27.71,0.0,424.6,28.52,5725.89,13.83,17.49,1187.13,1507.89,94.74,120.34,52,336.31,3.36,48.64,359.57
1679,117.7,0.11,12.56,55.25,343.98,31.67,0.0,430.89,28.95,5745.42,14.09,17.81,1191.01,1512.8,94.8,120.41,52,342.46,3.42,48.58,366.6
1680,118.1,0.11,12.6,55.25,346.32,31.67,0.0,433.24,29.11,5764.94,14.21,17.97,1194.94,1517.77,94.87,120.49,52,345.49,3.45,48.55,370.08
1681,118.5,0.1,12.63,55.25,348.67,27.71,0.0,431.63,29.0,5784.47,14.21,17.96,1198.89,1522.75,94.93,120.58,52,345.37,3.45,48.55,369.95
1682,118.8,0.06,12.66,55.25,350.44,15.83,0.0,421.52,28.3,5799.11,13.91,17.58,1202.79,1527.69,94.99,120.65,52,338.14,3.38,48.62,361.66
1683,118.9,0.04,12.7,55.25,351.03,11.87,0.0,418.15,28.07,5804.0,13.81,17.46,1206.64,1532.56,95.05,120.72,52,335.72,3.36,48.64,358.89
1684,119.1,0.03,12.73,55.25,352.21,7.92,0.0,415.38,27.88,5813.76,13.74,17.37,1210.47,1537.4,95.1,120.79,52,334.05,3.34,48.66,356.99
1685,119.1,0.0,12.76,55.25,352.21,0.0,0.0,407.46,27.34,5813.76,13.48,17.04,1214.25,1542.17,95.15,120.85,52,327.69,3.28,48.72,349.72
1686,119.1,0.01,12.79,55.25,352.21,3.96,0.0,411.42,27.61,5813.76,13.61,17.21,1218.01,1546.93,95.2,120.91,52,330.87,3.31,48.69,353.35
1687,119.2,0.01,12.83,55.25,352.8,3.96,0.0,412.01,27.65,5818.64,13.64,17.24,1221.8,1551.72,95.25,120.97,52,331.62,3.32,48.68,354.21
1688,119.2,0.01,12.86,55.25,352.8,3.96,0.0,412.01,27.65,5818.64,13.64,17.24,1225.59,1556.51,95.3,121.03,52,331.62,3.32,48.68,354.21
1689,119.3,0.01,12.89,55.25,353.39,3.96,0.0,412.6,27.69,5823.52,13.67,17.28,1229.38,1561.3,95.35,121.09,52,332.38,3.32,48.68,355.08
1690,119.3,0.01,12.93,55.25,353.39,3.96,0.0,412.6,27.69,5823.52,13.67,17.28,1233.18,1566.1,95.4,121.15,52,332.38,3.32,48.68,355.08
1691,119.4,0.03,12.96,55.25,353.99,7.92,0.0,417.15,28.0,5828.4,13.84,17.49,1237.0,1570.93,95.45,121.22,52,336.33,3.36,48.64,359.58
1692,119.5,0.01,12.99,55.25,354.58,3.96,0.0,413.79,27.77,5833.28,13.74,17.36,1240.83,1575.77,95.5,121.28,52,333.89,3.34,48.66,356.8
1693,119.5,-0.03,13.03,55.25,354.58,-7.92,0.0,401.91,26.95,5833.28,13.34,16.86,1244.59,1580.53,95.54,121.33,52,324.31,3.24,48.76,345.88
1694,119.3,-0.07,13.06,55.25,353.39,-19.79,0.0,388.85,26.06,5823.52,12.89,16.29,1248.23,1585.13,95.58,121.38,52,313.25,3.13,48.87,333.33
1695,119.0,-0.1,13.09,55.25,351.62,-27.71,0.0,379.16,25.4,5808.88,12.53,15.84,1251.76,1589.59,95.61,121.41,52,304.67,3.05,48.95,323.63
1696,118.6,-0.11,13.13,55.25,349.26,-31.67,0.0,372.84,24.97,5789.35,12.28,15.37,1255.21,1593.93,95.63,121.44,52,295.56,2.96,49.04,313.37
1697,118.2,-0.11,13.16,55.25,346.91,-31.67,0.0,370.49,24.81,5769.83,12.16,15.22,1258.61,1598.18,95.65,121.46,52,292.71,2.93,49.07,310.17
1698,117.8,-0.08,13.19,55.25,344.56,-23.75,0.0,376.06,25.2,5750.3,12.31,15.56,1262.0,1602.45,95.67,121.48,52,299.14,2.99,49.01,317.39
1699,117.6,-0.04,13.22,55.25,343.39,-11.87,0.0,386.77,25.93,5740.54,12.63,15.97,1265.47,1606.83,95.7,121.51,52,307.13,3.07,48.93,326.41
1700,117.5,-0.03,13.26,55.25,342.81,-7.92,0.0,390.14,26.16,5735.66,12.73,16.1,1268.99,1611.28,95.73,121.55,52,309.55,3.1,48.9,329.14
1701,117.4,-0.01,13.29,55.25,342.23,-3.96,0.0,393.52,26.39,5730.77,12.83,16.22,1272.54,1615.77,95.76,121.59,52,311.96,3.12,48.88,331.87
1702,117.4,-0.01,13.32,55.25,342.23,-3.96,0.0,393.52,26.39,5730.77,12.83,16.22,1276.11,1620.28,95.79,121.63,52,311.96,3.12,48.88,331.87
1703,117.3,-0.06,13.35,55.25,341.64,-15.83,0.0,381.06,25.54,5725.89,12.42,15.69,1279.61,1624.71,95.82,121.66,52,301.82,3.02,48.98,320.42
1704,117.0,-0.08,13.39,55.25,339.9,-23.75,0.0,371.4,24.88,5711.25,12.07,15.1,1283.01,1628.99,95.84,121.69,52,290.45,2.9,49.1,307.63
1705,116.7,-0.08,13.42,55.25,338.16,-23.75,0.0,369.66,24.77,5696.6,11.98,14.99,1286.36,1633.17,95.86,121.7,52,288.34,2.88,49.12,305.27
1706,116.4,-0.08,13.45,55.25,336.42,-23.75,0.0,367.92,24.65,5681.96,11.9,14.89,1289.67,1637.32,95.87,121.72,52,286.25,2.86,49.14,302.93
1707,116.1,-0.07,13.48,55.25,334.69,-19.79,0.0,370.15,24.8,5667.32,11.94,14.94,1292.98,1641.46,95.89,121.73,52,287.24,2.87,49.13,304.03
1708,115.9,-0.06,13.52,55.25,333.54,-15.83,0.0,372.95,25.0,5657.55,12.01,15.02,1296.31,1645.62,95.91,121.75,52,288.92,2.89,49.11,305.92
1709,115.7,-0.06,13.55,55.25,332.39,-15.83,0.0,371.8,24.92,5647.79,11.95,14.95,1299.63,1649.78,95.93,121.77,52,287.53,2.88,49.12,304.36
1710,115.5,-0.06,13.58,55.25,331.24,-15.83,0.0,370.66,24.84,5638.03,11.89,14.88,1302.95,1653.93,95.94,121.79,52,286.15,2.86,49.14,302.81
1711,115.3,-0.04,13.61,55.25,330.09,-11.87,0.0,373.47,25.04,5628.27,11.96,15.12,1306.26,1658.09,95.96,121.81,52,290.77,2.91,49.09,307.99
1712,115.2,-0.04,13.64,55.25,329.52,-11.87,0.0,372.89,25.0,5623.38,11.93,14.93,1309.58,1662.27,95.98,121.83,52,287.13,2.87,49.13,303.91
1713,115.0,-0.04,13.68,55.25,328.38,-11.87,0.0,371.75,24.92,5613.62,11.88,14.86,1312.88,1666.41,96.0,121.84,52,285.75,2.86,49.14,302.37
1714,114.9,-0.01,13.71,55.25,327.81,-3.96,0.0,379.1,25.43,5608.74,12.1,15.29,1316.21,1670.59,96.01,121.87,52,294.13,2.94,49.06,311.76
1715,114.9,0.01,13.74,55.25,327.81,3.96,0.0,387.01,25.97,5608.74,12.35,15.61,1319.61,1674.89,96.04,121.9,52,300.27,3.0,49.0,318.67
1716,115.0,0.04,13.77,55.25,328.38,11.87,0.0,395.5,26.55,5613.62,12.63,15.97,1323.08,1679.27,96.07,121.93,52,307.12,3.07,48.93,326.4
1717,115.2,0.04,13.8,55.25,329.52,11.87,0.0,396.64,26.63,5623.38,12.69,16.04,1326.6,1683.72,96.1,121.97,52,308.54,3.09,48.91,328.01
1718,115.3,0.03,13.84,55.25,330.09,7.92,0.0,393.26,26.39,5628.27,12.6,15.92,1330.11,1688.16,96.13,122.01,52,306.18,3.06,48.94,325.33
1719,115.4,0.01,13.87,55.25,330.67,3.96,0.0,389.87,26.16,5633.15,12.5,15.8,1333.6,1692.56,96.16,122.05,52,303.8,3.04,48.96,322.65
1720,115.4,-0.03,13.9,55.25,330.67,-7.92,0.0,378.0,25.35,5633.15,12.12,15.32,1337.01,1696.89,96.19,122.07,52,294.55,2.95,49.05,312.24
1721,115.2,-0.08,13.93,55.25,329.52,-23.75,0.0,361.02,24.19,5623.38,11.55,14.46,1340.3,1701.02,96.2,122.09,52,277.99,2.78,49.22,293.69
1722,114.8,-0.11,13.96,55.25,327.24,-31.67,0.0,350.82,23.49,5603.86,11.19,14.0,1343.46,1704.97,96.21,122.09,52,269.19,2.69,49.31,283.89
1723,114.4,-0.12,14.0,55.25,324.96,-35.62,0.0,344.58,23.07,5584.33,10.95,13.7,1346.53,1708.82,96.21,122.09,52,263.49,2.63,49.37,277.55
1724,113.9,-0.11,14.03,55.25,322.12,-31.67,0.0,345.71,23.15,5559.93,10.94,13.69,1349.57,1712.62,96.21,122.09,52,263.19,2.63,49.37,277.22
1725,113.6,-0.06,14.06,55.25,320.43,-15.83,0.0,359.85,24.12,5545.28,11.36,14.21,1352.67,1716.5,96.21,122.09,52,273.23,2.73,49.27,288.39
1726,113.5,-0.01,14.09,55.25,319.87,-3.96,0.0,371.16,24.89,5540.4,11.7,14.64,1355.87,1720.51,96.22,122.1,52,281.57,2.82,49.18,297.69
1727,113.5,0.01,14.12,55.25,319.87,3.96,0.0,379.07,25.44,5540.4,11.95,15.11,1359.16,1724.64,96.24,122.12,52,290.52,2.91,49.09,307.72
1728,113.6,0.03,14.15,55.25,320.43,7.92,0.0,383.6,25.75,5545.28,12.1,15.3,1362.5,1728.86,96.26,122.15,52,294.25,2.94,49.06,311.9
1729,113.7,0.03,14.19,55.25,320.99,7.92,0.0,384.16,25.78,5550.16,12.13,15.34,1365.87,1733.12,96.28,122.17,52,294.94,2.95,49.05,312.68
1730,113.8,0.03,14.22,55.25,321.56,7.92,0.0,384.73,25.82,5555.04,12.16,15.37,1369.24,1737.38,96.31,122.2,52,295.64,2.96,49.04,313.46
1731,113.9,0.03,14.25,55.25,322.12,7.92,0.0,385.29,25.86,5559.93,12.19,15.41,1372.62,1741.66,96.33,122.23,52,296.33,2.96,49.04,314.24
1732,114.0,0.01,14.28,55.25,322.69,3.96,0.0,381.9,25.63,5564.81,12.09,15.29,1375.99,1745.92,96.35,122.26,52,293.98,2.94,49.06,311.59
1733,114.0,0.01,14.31,55.25,322.69,3.96,0.0,381.9,25.63,5564.81,12.09,15.29,1379.35,1750.17,96.38,122.28,52,293.98,2.94,49.06,311.59
1734,114.1,0.03,14.34,55.25,323.26,7.92,0.0,386.42,25.94,5569.69,12.25,15.48,1382.73,1754.44,96.4,122.31,52,297.72,2.98,49.02,315.8
1735,114.2,0.04,14.38,55.25,323.82,11.88,0.0,390.95,26.24,5574.57,12.4,15.68,1386.16,1758.77,96.42,122.34,52,301.47,3.01,48.99,320.03
1736,114.4,0.04,14.41,55.25,324.96,11.87,0.0,392.08,26.32,5584.33,12.46,15.75,1389.61,1763.13,96.45,122.38,52,302.88,3.03,48.97,321.61
1737,114.5,0.03,14.44,55.25,325.53,7.92,0.0,388.69,26.09,5589.21,12.36,15.63,1393.06,1767.49,96.48,122.41,52,300.52,3.01,48.99,318.96
1738,114.6,0.03,14.47,55.25,326.1,7.92,0.0,389.26,26.13,5594.1,12.39,15.66,1396.5,1771.84,96.5,122.44,52,301.22,3.01,48.99,319.75
1739,114.7,0.03,14.5,55.25,326.67,7.92,0.0,389.83,26.16,5598.98,12.42,15.7,1399.94,1776.19,96.53,122.47,52,301.93,3.02,48.98,320.54
1740,114.8,0.04,14.53,55.25,327.24,11.87,0.0,394.36,26.47,5603.86,12.58,15.9,1403.41,1780.58,96.56,122.51,52,305.7,3.06,48.94,324.8
1741,115.0,0.07,14.57,55.25,328.38,19.79,0.0,403.42,27.09,5613.62,12.89,16.29,1406.95,1785.05,96.59,122.54,52,313.27,3.13,48.87,333.35
1742,115.3,0.14,14.6,55.25,330.09,39.58,0.0,424.93,28.56,5628.27,13.61,17.2,1410.63,1789.7,96.63,122.59,52,330.83,3.31,48.69,353.31
1743,116.0,0.19,14.63,55.25,334.11,55.42,0.0,444.78,29.92,5662.43,14.33,18.12,1414.51,1794.61,96.68,122.66,52,348.39,3.48,48.52,373.41
1744,116.7,0.21,14.66,55.25,338.16,59.37,0.0,452.78,30.46,5696.6,14.68,19.41,1418.54,1799.82,96.74,122.75,52,373.36,3.73,48.27,402.25
1745,117.5,0.21,14.7,55.25,342.81,59.37,0.0,457.43,30.77,5735.66,14.93,19.75,1422.65,1805.26,96.81,122.84,52,379.79,3.8,48.2,409.71
1746,118.2,0.15,14.73,55.25,346.91,43.54,0.0,445.7,29.96,5769.83,14.63,18.5,1426.76,1810.57,96.87,122.93,52,355.73,3.56,48.44,381.85
1747,118.6,0.07,14.76,55.25,349.26,19.79,0.0,424.3,28.49,5789.35,13.98,17.67,1430.73,1815.6,96.93,123.0,52,339.8,3.4,48.6,363.55
1748,118.7,0.03,14.79,55.25,349.85,7.92,0.0,413.01,27.72,5794.23,13.62,17.21,1434.57,1820.44,96.97,123.05,52,331.04,3.31,48.69,353.55
1749,118.8,0.01,14.83,55.25,350.44,3.96,0.0,409.65,27.49,5799.11,13.52,17.09,1438.34,1825.2,97.01,123.1,52,328.61,3.29,48.71,350.78
1750,118.8,0.01,14.86,55.25,350.44,3.96,0.0,409.65,27.49,5799.11,13.52,17.09,1442.09,1829.95,97.04,123.14,52,328.61,3.29,48.71,350.78
1751,118.9,0.04,14.89,55.25,351.03,11.87,0.0,418.15,28.07,5804.0,13.81,17.46,1445.89,1834.75,97.08,123.19,52,335.72,3.36,48.64,358.89
1752,119.1,0.07,14.93,55.25,352.21,19.79,0.0,427.25,28.69,5813.76,14.13,17.87,1449.77,1839.66,97.13,123.25,52,343.6,3.44,48.56,367.91
1753,119.4,0.08,14.96,55.25,353.99,23.75,0.0,432.99,29.08,5828.4,14.36,18.15,1453.72,1844.66,97.18,123.31,52,349.09,3.49,48.51,374.21
1754,119.7,0.07,14.99,55.25,355.77,19.79,0.0,430.81,28.93,5843.05,14.32,18.11,1457.71,1849.69,97.23,123.37,52,348.21,3.48,48.52,373.2
1755,119.9,0.04,15.03,55.25,356.96,11.87,0.0,424.08,28.47,5852.81,14.12,17.85,1461.66,1854.69,97.28,123.43,52,343.35,3.43,48.57,367.62
1756,120.0,-0.04,15.06,55.25,357.55,-11.88,0.0,400.93,26.88,5857.69,13.36,16.89,1465.48,1859.51,97.31,123.48,52,324.87,3.25,48.75,346.52
1757,119.6,-0.22,15.09,55.25,355.17,-63.33,0.0,347.09,23.2,5838.17,11.53,14.43,1468.94,1863.86,97.33,123.5,52,277.47,2.77,49.23,293.11
1758,118.4,-0.51,15.13,55.25,348.08,-146.46,0.0,256.87,17.03,5779.59,8.45,10.52,1471.71,1867.33,97.3,123.46,52,202.37,2.02,49.98,210.57
1759,115.9,-0.72,15.16,55.25,333.54,-205.83,0.0,182.95,11.98,5657.55,5.89,7.4,1473.7,1869.82,97.22,123.35,52,142.37,1.42,50.58,146.38
1760,113.2,-0.75,15.19,55.25,318.18,-213.75,0.0,159.68,10.41,5525.76,5.02,6.31,1475.22,1871.72,97.12,123.22,52,121.36,1.21,50.79,124.26
1761,110.5,-0.83,15.22,55.25,303.18,-237.5,0.0,120.93,7.78,5393.96,3.71,5.34,1476.43,1873.34,97.0,123.08,52,102.61,1.03,50.97,104.67
1762,107.2,-0.9,15.25,55.25,285.34,-257.29,0.0,83.3,5.23,5232.87,2.48,3.57,1477.29,1874.58,96.86,122.91,52,68.57,0.69,51.31,69.48
1763,104.0,-0.94,15.28,55.25,268.56,-269.17,0.0,54.64,3.29,5076.67,1.58,2.27,1477.85,1875.39,96.72,122.73,52,43.64,0.44,51.56,44.01
1764,100.4,-1.0,15.31,55.25,250.29,-285.0,0.0,20.54,0.98,4900.94,0.57,0.76,1478.15,1875.81,96.56,122.53,52,14.66,0.15,51.85,14.7
1765,96.8,-1.06,15.34,55.25,232.66,-300.83,0.0,-12.92,-1.29,4725.2,-0.35,,1478.18,1875.81,96.38,122.31,52,,,,
1766,92.8,-1.1,15.36,55.25,213.83,-312.71,0.0,-43.63,-3.37,4529.95,-1.12,,1477.98,1875.81,96.21,122.1,52,,,,
1767,88.9,-1.1,15.39,55.25,196.24,-312.71,0.0,-61.22,-4.55,4339.57,-1.51,,1477.61,1875.81,96.02,121.9,52,,,,
1768,84.9,-1.15,15.41,55.25,178.97,-328.54,0.0,-94.32,-6.79,4144.32,-2.22,,1477.09,1875.81,95.84,121.71,52,,,,
1769,80.6,-1.19,15.43,55.25,161.3,-340.42,0.0,-123.86,-8.79,3934.42,-2.77,,1476.4,1875.81,95.65,121.53,52,,,,
1770,76.3,-1.15,15.46,55.25,144.55,-328.54,0.0,-128.74,-9.1,3724.52,-2.73,,1475.64,1875.81,95.47,121.36,52,,,,
1771,72.3,-1.06,15.48,55.25,129.79,-300.83,0.0,-115.79,-8.19,3529.26,-2.33,,1474.93,1875.81,95.3,121.2,52,,,,
1772,68.7,-0.94,15.5,55.25,117.19,-269.17,0.0,-96.73,-6.87,3353.53,-1.85,,1474.36,1875.81,95.14,121.04,52,,,,
1773,65.5,-0.79,15.52,55.25,106.53,-225.63,0.0,-63.85,-4.6,3197.32,-1.16,,1473.94,1875.81,95.0,120.9,52,,,,
1774,63.0,-0.6,15.53,55.25,98.55,-170.21,0.0,-16.41,-1.34,3075.29,-0.29,,1473.74,1875.81,94.87,120.76,52,,,,
1775,61.2,-0.35,15.55,55.25,93.0,-98.96,0.0,49.29,3.17,2987.42,0.84,1.06,1473.81,1875.81,94.77,120.63,52,20.32,0.2,51.8,20.4
1776,60.5,-0.17,15.57,55.25,90.88,-47.5,0.0,98.63,6.55,2953.25,1.66,2.09,1474.16,1876.25,94.69,120.52,52,40.2,0.4,51.6,40.52
1777,60.0,-0.11,15.58,55.25,89.39,-31.67,0.0,112.97,7.53,2928.85,1.88,2.37,1474.65,1876.87,94.62,120.43,52,45.67,0.46,51.54,46.07
1778,59.7,-0.08,15.6,55.25,88.5,-23.75,0.0,120.0,8.02,2914.2,1.99,2.51,1475.19,1877.55,94.56,120.35,52,48.26,0.48,51.52,48.72
1779,59.4,-0.04,15.62,55.25,87.61,-11.88,0.0,130.98,8.77,2899.56,2.16,2.73,1475.77,1878.27,94.49,120.27,52,52.42,0.52,51.48,52.95
1780,59.4,-0.19,15.63,55.25,87.61,-55.42,0.0,87.44,5.79,2899.56,1.44,1.82,1476.27,1878.9,94.43,120.18,52,34.99,0.35,51.65,35.23
1781,58.0,-0.61,15.65,55.25,83.53,-174.17,0.0,-35.39,-2.62,2831.22,-0.57,,1476.39,1878.9,94.34,120.06,52,,,,
1782,55.0,-0.97,15.67,55.25,75.11,-277.08,0.0,-146.72,-10.23,2684.78,-2.24,,1476.0,1878.9,94.22,119.93,52,,,,
1783,51.0,-1.25,15.68,55.25,64.58,-356.25,0.0,-236.42,-16.36,2489.52,-3.35,,1475.22,1878.9,94.08,119.82,52,,,,
1784,46.0,-1.69,15.69,55.25,52.54,-482.92,0.0,-375.13,-25.85,2245.45,-4.79,,1474.09,1878.9,93.93,119.72,52,,,,
1785,38.8,-2.0,15.71,55.25,37.38,-570.0,0.0,-477.37,-32.83,1893.99,-5.14,,1472.71,1878.9,93.77,119.63,52,,,,
1786,31.6,-2.0,15.72,55.25,24.79,-570.0,0.0,-489.96,-33.67,1542.53,-4.3,,1471.4,1878.9,93.63,119.56,52,,,,
1787,24.4,-2.0,15.72,55.25,14.78,-570.0,0.0,-499.97,-34.34,1191.06,-3.39,,1470.33,1878.9,93.51,119.5,52,,,,
1788,17.2,-2.0,15.73,55.25,7.35,-570.0,0.0,-507.4,-34.84,839.6,-2.42,,1469.52,1878.9,93.43,119.45,52,,,,
1789,10.0,-1.69,15.73,55.25,2.48,-482.92,0.0,-425.18,-29.2,488.14,-1.18,,1469.02,1878.9,93.37,119.42,52,,,,
1790,5.0,-1.11,15.74,55.25,0.62,-316.67,0.0,-260.8,-17.94,244.07,-0.36,,1468.81,1878.9,93.35,119.41,52,,,,
1791,2.0,-0.69,15.74,55.25,0.1,-197.92,0.0,-142.57,-9.84,97.63,-0.08,,1468.75,1878.9,93.34,119.4,52,,,,
1792,0.0,-0.28,15.74,55.25,0.0,-79.17,0.0,-23.92,-1.72,0.0,-0.0,,1468.73,1878.9,93.33,119.4,52,,,,
1793,0.0,0.0,15.74,55.25,0.0,0.0,0.0,55.25,3.71,0.0,0.0,0.0,1468.73,1878.9,93.33,119.4,52,0.0,0.0,52.0,0.0
1794,0.0,0.0,15.74,55.25,0.0,0.0,0.0,55.25,3.71,0.0,0.0,0.0,1468.73,1878.9,93.33,119.4,52,0.0,0.0,52.0,0.0
1795,0.0,0.0,15.74,55.25,0.0,0.0,0.0,55.25,3.71,0.0,0.0,0.0,1468.73,1878.9,93.33,119.4,52,0.0,0.0,52.0,0.0
1796,0.0,0.0,15.74,55.25,0.0,0.0,0.0,55.25,3.71,0.0,0.0,0.0,1468.73,1878.9,93.33,119.4,52,0.0,0.0,52.0,0.0
1797,0.0,0.0,15.74,55.25,0.0,0.0,0.0,55.25,3.71,0.0,0.0,0.0,1468.73,1878.9,93.33,119.4,52,0.0,0.0,52.0,0.0
1798,0.0,0.0,15.74,55.25,0.0,0.0,0.0,55.25,3.71,0.0,0.0,0.0,1468.73,1878.9,93.33,119.4,52,0.0,0.0,52.0,0.0
1799,0.0,0.0,15.74,55.25,0.0,0.0,0.0,55.25,3.71,0.0,0.0,0.0,1468.73,1878.9,93.33,119.4,52,0.0,0.0,52.0,0.0
1800,0.0,0.0,15.74,55.25,0.0,0.0,0.0,55.25,3.71,0.0,0.0,0.0,1468.73,1878.9,93.33,119.4,52,0.0,0.0,52.0,0.0
