time_s,speed_kmph,accn_mps2,dist_km,Fr,Far,Fac,Fb,Ft,m_pwr_kW,e_pwr_kW,m_energy_Wh,e_energy_Wh,m_Wh/km,e_Wh/km,pack_voltage_V,pack_current_A,pack_voltage_V_ir,pack_voltage_V_w_ir,pack_current_A_w_ir
0,0.0,0.0,0.0,51.3,0.0,0.0,0.0,51.3,0.0,0.0,0.0,0.0,0.0,0.0,345.6,0.0,0.0,345.6,0.0
1,2.0,0.0,0.0,51.3,0.09,0.0,0.0,51.39,0.03,0.04,0.0,0.0,14.28,17.84,345.6,0.1,0.02,345.58,0.1
2,0.0,-0.14,0.0,51.3,0.0,-36.81,0.0,14.49,0.0,0.0,0.01,0.01,14.28,17.84,345.6,0.0,0.0,345.6,0.0
3,1.0,0.14,0.0,51.3,0.02,36.81,0.0,88.13,0.02,0.03,0.01,0.01,16.32,20.4,345.6,0.09,0.02,345.58,0.09
4,1.0,0.0,0.0,51.3,0.02,0.0,0.0,51.32,0.01,0.02,0.02,0.02,17.19,21.49,345.6,0.05,0.01,345.59,0.05
5,1.0,0.0,0.0,51.3,0.02,0.0,0.0,51.32,0.01,0.02,0.02,0.03,16.54,20.67,345.6,0.05,0.01,345.59,0.05
6,1.0,0.0,0.0,51.3,0.02,0.0,0.0,51.32,0.01,0.02,0.02,0.03,16.12,20.15,345.6,0.05,0.01,345.59,0.05
7,1.0,0.0,0.0,51.3,0.02,0.0,0.0,51.32,0.01,0.02,0.03,0.04,15.83,19.79,345.6,0.05,0.01,345.59,0.05
8,1.0,0.0,0.0,51.3,0.02,0.0,0.0,51.32,0.01,0.02,0.03,0.04,15.62,19.53,345.6,0.05,0.01,345.59,0.05
9,1.0,0.0,0.0,51.3,0.02,0.0,0.0,51.32,0.01,0.02,0.04,0.05,15.46,19.33,345.6,0.05,0.01,345.59,0.05
10,1.0,0.0,0.0,51.3,0.02,0.0,0.0,51.32,0.01,0.02,0.04,0.05,15.34,19.17,345.6,0.05,0.01,345.59,0.05
11,1.0,0.0,0.0,51.3,0.02,0.0,0.0,51.32,0.01,0.02,0.04,0.06,15.23,19.04,345.6,0.05,0.01,345.59,0.05
12,1.0,-0.14,0.0,51.3,0.02,-36.81,0.0,14.52,0.0,0.01,0.05,0.06,14.7,18.38,345.6,0.01,0.0,345.6,0.01
13,0.0,-0.14,0.0,51.3,0.0,-36.81,0.0,14.49,0.0,0.0,0.05,0.06,14.26,17.82,345.6,0.0,0.0,345.6,0.0
14,0.0,0.14,0.0,51.3,0.0,36.81,0.0,88.11,0.0,0.0,0.05,0.06,14.26,17.82,345.6,0.0,0.0,345.6,0.0
15,1.0,0.0,0.0,51.3,0.02,0.0,0.0,51.32,0.01,0.02,0.05,0.06,14.26,17.82,345.6,0.05,0.01,345.59,0.05
16,0.0,-0.14,0.0,51.3,0.0,-36.81,0.0,14.49,0.0,0.0,0.05,0.06,14.26,17.82,345.6,0.0,0.0,345.6,0.0
17,0.0,0.42,0.0,51.3,0.0,110.42,0.0,161.72,0.0,0.0,0.05,0.06,14.26,17.82,345.6,0.0,0.0,345.6,0.0
18,3.0,0.69,0.0,51.3,0.2,184.03,0.0,235.53,0.2,0.25,0.08,0.1,19.55,24.44,345.6,0.71,0.15,345.45,0.71
19,5.0,1.39,0.01,51.3,0.56,368.06,0.0,419.92,0.58,0.73,0.19,0.23,36.39,45.49,345.6,2.11,0.44,345.16,2.11
20,13.0,1.25,0.01,51.3,3.8,331.25,0.0,386.35,1.4,1.74,0.46,0.58,60.45,75.57,345.6,5.05,1.05,344.55,5.06
21,14.0,0.0,0.01,51.3,4.41,0.0,0.0,55.71,0.22,0.27,0.69,0.86,60.2,75.25,345.6,0.78,0.16,345.44,0.78
22,13.0,-0.42,0.02,51.3,3.8,-110.42,0.0,-55.31,-0.2,-0.25,0.69,0.86,45.45,56.81,345.6,-0.72,-0.15,345.75,-0.72
23,11.0,-0.56,0.02,51.3,2.72,-147.22,0.0,-93.2,-0.28,-0.36,0.62,0.78,33.6,42.0,345.6,-1.03,-0.21,345.81,-1.03
24,9.0,-0.42,0.02,51.3,1.82,-110.42,0.0,-57.29,-0.14,-0.18,0.56,0.7,26.41,33.02,345.6,-0.52,-0.11,345.71,-0.52
25,8.0,-0.28,0.02,51.3,1.44,-73.61,0.0,-20.87,-0.05,-0.06,0.53,0.67,22.66,28.32,345.6,-0.17,-0.03,345.63,-0.17
26,7.0,-0.14,0.03,51.3,1.1,-36.81,0.0,15.6,0.03,0.04,0.53,0.67,20.73,25.91,345.6,0.11,0.02,345.58,0.11
27,7.0,-0.28,0.03,51.3,1.1,-73.61,0.0,-21.21,-0.04,-0.05,0.53,0.66,19.22,24.02,345.6,-0.15,-0.03,345.63,-0.15
28,5.0,-0.69,0.03,51.3,0.56,-184.03,0.0,-132.17,-0.18,-0.23,0.5,0.62,17.06,21.33,345.6,-0.66,-0.14,345.74,-0.66
29,2.0,-0.69,0.03,51.3,0.09,-184.03,0.0,-132.64,-0.07,-0.09,0.46,0.58,15.33,19.17,345.6,-0.27,-0.06,345.66,-0.27
30,0.0,-0.28,0.03,51.3,0.0,-73.61,0.0,-22.31,-0.0,-0.0,0.45,0.57,14.86,18.57,345.6,-0.0,-0.0,345.6,-0.0
31,0.0,0.0,0.03,51.3,0.0,0.0,0.0,51.3,0.0,0.0,0.45,0.57,14.86,18.57,345.6,0.0,0.0,345.6,0.0
32,0.0,0.0,0.03,51.3,0.0,0.0,0.0,51.3,0.0,0.0,0.45,0.57,14.86,18.57,345.6,0.0,0.0,345.6,0.0
33,0.0,0.0,0.03,51.3,0.0,0.0,0.0,51.3,0.0,0.0,0.45,0.57,14.86,18.57,345.6,0.0,0.0,345.6,0.0
34,0.0,0.0,0.03,51.3,0.0,0.0,0.0,51.3,0.0,0.0,0.45,0.57,14.86,18.57,345.6,0.0,0.0,345.6,0.0
35,0.0,0.0,0.03,51.3,0.0,0.0,0.0,51.3,0.0,0.0,0.45,0.57,14.86,18.57,345.6,0.0,0.0,345.6,0.0
36,0.0,0.0,0.03,51.3,0.0,0.0,0.0,51.3,0.0,0.0,0.45,0.57,14.86,18.57,345.6,0.0,0.0,345.6,0.0
37,0.0,0.0,0.03,51.3,0.0,0.0,0.0,51.3,0.0,0.0,0.45,0.57,14.86,18.57,345.6,0.0,0.0,345.6,0.0
38,0.0,0.0,0.03,51.3,0.0,0.0,0.0,51.3,0.0,0.0,0.45,0.57,14.86,18.57,345.6,0.0,0.0,345.6,0.0
39,0.0,0.0,0.03,51.3,0.0,0.0,0.0,51.3,0.0,0.0,0.45,0.57,14.86,18.57,345.6,0.0,0.0,345.6,0.0
40,0.0,0.0,0.03,51.3,0.0,0.0,0.0,51.3,0.0,0.0,0.45,0.57,14.86,18.57,345.6,0.0,0.0,345.6,0.0
41,0.0,0.0,0.03,51.3,0.0,0.0,0.0,51.3,0.0,0.0,0.45,0.57,14.86,18.57,345.6,0.0,0.0,345.6,0.0
42,0.0,0.0,0.03,51.3,0.0,0.0,0.0,51.3,0.0,0.0,0.45,0.57,14.86,18.57,345.6,0.0,0.0,345.6,0.0
43,0.0,0.0,0.03,51.3,0.0,0.0,0.0,51.3,0.0,0.0,0.45,0.57,14.86,18.57,345.6,0.0,0.0,345.6,0.0
44,0.0,0.0,0.03,51.3,0.0,0.0,0.0,51.3,0.0,0.0,0.45,0.57,14.86,18.57,345.6,0.0,0.0,345.6,0.0
45,0.0,0.0,0.03,51.3,0.0,0.0,0.0,51.3,0.0,0.0,0.45,0.57,14.86,18.57,345.6,0.0,0.0,345.6,0.0
46,0.0,0.0,0.03,51.3,0.0,0.0,0.0,51.3,0.0,0.0,0.45,0.57,14.86,18.57,345.6,0.0,0.0,345.6,0.0
47,0.0,0.0,0.03,51.3,0.0,0.0,0.0,51.3,0.0,0.0,0.45,0.57,14.86,18.57,345.6,0.0,0.0,345.6,0.0
48,0.0,0.0,0.03,51.3,0.0,0.0,0.0,51.3,0.0,0.0,0.45,0.57,14.86,18.57,345.6,0.0,0.0,345.6,0.0
49,0.0,0.0,0.03,51.3,0.0,0.0,0.0,51.3,0.0,0.0,0.45,0.57,14.86,18.57,345.6,0.0,0.0,345.6,0.0
50,0.0,0.0,0.03,51.3,0.0,0.0,0.0,51.3,0.0,0.0,0.45,0.57,14.86,18.57,345.6,0.0,0.0,345.6,0.0
51,0.0,0.0,0.03,51.3,0.0,0.0,0.0,51.3,0.0,0.0,0.45,0.57,14.86,18.57,345.6,0.0,0.0,345.6,0.0
52,0.0,0.0,0.03,51.3,0.0,0.0,0.0,51.3,0.0,0.0,0.45,0.57,14.86,18.57,345.6,0.0,0.0,345.6,0.0
53,0.0,0.0,0.03,51.3,0.0,0.0,0.0,51.3,0.0,0.0,0.45,0.57,14.86,18.57,345.6,0.0,0.0,345.6,0.0
54,0.0,0.0,0.03,51.3,0.0,0.0,0.0,51.3,0.0,0.0,0.45,0.57,14.86,18.57,345.6,0.0,0.0,345.6,0.0
55,0.0,0.0,0.03,51.3,0.0,0.0,0.0,51.3,0.0,0.0,0.45,0.57,14.86,18.57,345.6,0.0,0.0,345.6,0.0
56,0.0,0.0,0.03,51.3,0.0,0.0,0.0,51.3,0.0,0.0,0.45,0.57,14.86,18.57,345.6,0.0,0.0,345.6,0.0
57,0.0,0.0,0.03,51.3,0.0,0.0,0.0,51.3,0.0,0.0,0.45,0.57,14.86,18.57,345.6,0.0,0.0,345.6,0.0
58,0.0,0.0,0.03,51.3,0.0,0.0,0.0,51.3,0.0,0.0,0.45,0.57,14.86,18.57,345.6,0.0,0.0,345.6,0.0
59,0.0,0.0,0.03,51.3,0.0,0.0,0.0,51.3,0.0,0.0,0.45,0.57,14.86,18.57,345.6,0.0,0.0,345.6,0.0
60,0.0,0.0,0.03,51.3,0.0,0.0,0.0,51.3,0.0,0.0,0.45,0.57,14.86,18.57,345.6,0.0,0.0,345.6,0.0
61,0.0,0.0,0.03,51.3,0.0,0.0,0.0,51.3,0.0,0.0,0.45,0.57,14.86,18.57,345.6,0.0,0.0,345.6,0.0
62,0.0,0.0,0.03,51.3,0.0,0.0,0.0,51.3,0.0,0.0,0.45,0.57,14.86,18.57,345.6,0.0,0.0,345.6,0.0
63,0.0,0.0,0.03,51.3,0.0,0.0,0.0,51.3,0.0,0.0,0.45,0.57,14.86,18.57,345.6,0.0,0.0,345.6,0.0
64,0.0,0.0,0.03,51.3,0.0,0.0,0.0,51.3,0.0,0.0,0.45,0.57,14.86,18.57,345.6,0.0,0.0,345.6,0.0
65,0.0,0.0,0.03,51.3,0.0,0.0,0.0,51.3,0.0,0.0,0.45,0.57,14.86,18.57,345.6,0.0,0.0,345.6,0.0
66,0.0,0.0,0.03,51.3,0.0,0.0,0.0,51.3,0.0,0.0,0.45,0.57,14.86,18.57,345.6,0.0,0.0,345.6,0.0
67,0.0,0.0,0.03,51.3,0.0,0.0,0.0,51.3,0.0,0.0,0.45,0.57,14.86,18.57,345.6,0.0,0.0,345.6,0.0
68,0.0,0.0,0.03,51.3,0.0,0.0,0.0,51.3,0.0,0.0,0.45,0.57,14.86,18.57,345.6,0.0,0.0,345.6,0.0
69,0.0,0.0,0.03,51.3,0.0,0.0,0.0,51.3,0.0,0.0,0.45,0.57,14.86,18.57,345.6,0.0,0.0,345.6,0.0
70,0.0,0.0,0.03,51.3,0.0,0.0,0.0,51.3,0.0,0.0,0.45,0.57,14.86,18.57,345.6,0.0,0.0,345.6,0.0
71,0.0,0.0,0.03,51.3,0.0,0.0,0.0,51.3,0.0,0.0,0.45,0.57,14.86,18.57,345.6,0.0,0.0,345.6,0.0
72,0.0,0.0,0.03,51.3,0.0,0.0,0.0,51.3,0.0,0.0,0.45,0.57,14.86,18.57,345.6,0.0,0.0,345.6,0.0
73,0.0,0.0,0.03,51.3,0.0,0.0,0.0,51.3,0.0,0.0,0.45,0.57,14.86,18.57,345.6,0.0,0.0,345.6,0.0
74,0.0,0.0,0.03,51.3,0.0,0.0,0.0,51.3,0.0,0.0,0.45,0.57,14.86,18.57,345.6,0.0,0.0,345.6,0.0
75,0.0,0.0,0.03,51.3,0.0,0.0,0.0,51.3,0.0,0.0,0.45,0.57,14.86,18.57,345.6,0.0,0.0,345.6,0.0
76,0.0,0.0,0.03,51.3,0.0,0.0,0.0,51.3,0.0,0.0,0.45,0.57,14.86,18.57,345.6,0.0,0.0,345.6,0.0
77,0.0,0.0,0.03,51.3,0.0,0.0,0.0,51.3,0.0,0.0,0.45,0.57,14.86,18.57,345.6,0.0,0.0,345.6,0.0
78,0.0,0.0,0.03,51.3,0.0,0.0,0.0,51.3,0.0,0.0,0.45,0.57,14.86,18.57,345.6,0.0,0.0,345.6,0.0
79,0.0,0.14,0.03,51.3,0.0,36.81,0.0,88.11,0.0,0.0,0.45,0.57,14.86,18.57,345.6,0.0,0.0,345.6,0.0
80,1.0,0.97,0.03,51.3,0.02,257.64,0.0,308.96,0.09,0.11,0.47,0.58,15.18,18.97,345.6,0.31,0.06,345.54,0.31
81,7.0,2.08,0.03,51.3,1.1,552.08,0.0,604.49,1.18,1.47,0.64,0.8,20.16,25.2,345.6,4.25,0.88,344.72,4.26
82,16.0,3.06,0.03,51.3,5.76,809.72,0.0,866.78,3.85,4.82,1.34,1.67,38.27,47.84,345.6,13.93,2.9,342.7,14.05
83,29.0,4.31,0.04,51.3,18.92,1140.97,0.0,1211.19,9.76,12.2,3.23,4.04,78.29,97.87,345.6,35.29,7.34,338.26,36.06
84,47.0,5.0,0.05,51.3,49.7,1325.0,0.0,1426.0,18.62,23.27,7.17,8.96,138.41,173.01,345.6,67.34,14.01,331.59,70.18
85,65.0,4.17,0.07,51.3,95.06,1104.17,0.0,1250.53,22.58,28.22,12.89,16.12,191.39,239.23,345.6,81.67,16.99,328.61,85.89
86,77.0,3.47,0.09,51.3,133.4,920.14,0.0,1104.84,23.63,29.54,19.31,24.14,221.74,277.18,345.6,85.47,17.78,327.82,90.11
87,90.0,3.61,0.11,51.3,182.25,956.94,0.0,1190.49,29.76,37.2,26.73,33.41,242.35,302.94,345.6,107.65,22.39,323.21,115.1
88,103.0,3.06,0.14,51.3,238.7,809.72,0.0,1099.72,31.46,39.33,35.23,44.04,256.99,321.24,345.6,113.8,23.67,321.93,122.17
89,112.0,2.36,0.17,51.3,282.24,625.69,0.0,959.23,29.84,37.3,43.74,54.68,262.03,327.54,345.6,107.94,22.45,323.15,115.44
90,120.0,2.78,0.2,51.3,324.0,736.11,0.0,1111.41,37.05,46.31,53.03,66.29,266.28,332.85,345.6,134.0,27.87,317.73,145.75
91,132.0,2.78,0.23,51.3,392.04,736.11,0.0,1179.45,43.25,54.06,64.19,80.23,274.11,342.63,345.6,156.42,32.54,313.06,172.67
92,140.0,0.83,0.27,51.3,441.0,220.83,0.0,713.13,27.73,34.67,74.04,92.56,272.28,340.35,345.6,100.31,20.86,324.74,106.75
93,138.0,-1.81,0.31,51.3,428.49,-478.47,0.0,1.32,0.05,0.06,77.9,97.38,250.85,313.57,345.6,0.18,0.04,345.56,0.18
94,127.0,-3.19,0.35,51.3,362.9,-846.53,0.0,-432.33,-15.25,-19.06,75.79,94.74,218.2,272.74,345.6,-55.16,-11.47,357.07,-53.39
95,115.0,-3.61,0.38,51.3,297.56,-956.94,0.0,-608.08,-19.42,-24.28,70.98,88.72,186.3,232.88,345.6,-70.26,-14.61,360.21,-67.41
96,101.0,-4.03,0.41,51.3,229.52,-1067.36,0.0,-786.54,-22.07,-27.58,65.21,81.52,158.68,198.35,345.6,-79.81,-16.6,362.2,-76.16
97,86.0,-3.47,0.44,51.3,166.41,-920.14,0.0,-702.43,-16.78,-20.98,59.82,74.77,136.9,171.13,345.6,-60.69,-12.62,358.22,-58.55
98,76.0,-2.92,0.46,51.3,129.96,-772.92,0.0,-591.66,-12.49,-15.61,55.75,69.69,121.35,151.69,345.6,-45.18,-9.4,355.0,-43.98
99,65.0,-2.36,0.48,51.3,95.06,-625.69,0.0,-479.33,-8.65,-10.82,52.82,66.02,110.26,137.82,345.6,-31.3,-6.51,352.11,-30.72
100,59.0,-0.69,0.5,51.3,78.32,-184.03,0.0,-54.41,-0.89,-1.11,51.49,64.36,103.76,129.7,345.6,-3.22,-0.67,346.27,-3.22
101,60.0,0.83,0.51,51.3,81.0,220.83,0.0,353.13,5.89,7.36,52.18,65.23,101.77,127.21,345.6,21.29,4.43,341.17,21.56
102,65.0,2.22,0.53,51.3,95.06,588.89,0.0,735.25,13.28,16.59,54.85,68.56,103.45,129.32,345.6,48.02,9.99,335.61,49.44
103,76.0,4.17,0.55,51.3,129.96,1104.17,0.0,1285.43,27.14,33.92,60.46,75.57,109.98,137.47,345.6,98.15,20.42,325.18,104.31
104,95.0,5.69,0.57,51.3,203.06,1509.03,0.0,1763.39,46.53,58.17,70.69,88.36,123.27,154.08,345.6,168.31,35.01,310.59,187.28
105,117.0,5.69,0.6,51.3,308.0,1509.03,0.0,1868.33,60.72,75.9,85.59,106.98,141.95,177.44,345.6,219.62,45.68,299.92,253.07
106,136.0,4.86,0.64,51.3,416.16,1288.19,0.0,1755.65,66.32,82.91,103.23,129.04,161.79,202.24,345.6,239.89,49.9,295.7,280.37
107,152.0,4.17,0.68,51.3,519.84,1104.17,0.0,1675.31,70.74,88.42,122.27,152.83,180.32,225.4,345.6,255.84,53.22,292.38,302.41
108,166.0,3.61,0.72,51.3,620.01,956.94,0.0,1628.25,75.08,93.85,142.52,178.15,197.34,246.67,345.6,271.56,56.48,289.12,324.61
109,178.0,2.92,0.77,51.3,712.89,772.92,0.0,1537.11,76.0,95.0,163.5,204.38,212.34,265.43,345.6,274.89,57.18,288.42,329.38
110,187.0,2.36,0.82,51.3,786.8,625.69,0.0,1463.8,76.04,95.05,184.62,230.77,224.96,281.19,345.6,275.01,57.2,288.4,329.56
111,195.0,1.94,0.87,51.3,855.56,515.28,0.0,1422.14,77.03,96.29,205.88,257.35,235.63,294.53,345.6,278.62,57.95,287.65,334.75
112,201.0,1.94,0.93,51.3,909.02,515.28,0.0,1475.6,82.39,102.98,228.02,285.03,245.51,306.89,345.6,297.99,61.98,283.62,363.11
113,209.0,1.53,0.99,51.3,982.82,404.86,0.0,1438.98,83.54,104.43,251.07,313.83,254.71,318.39,345.6,302.16,62.85,282.75,369.32
114,212.0,1.11,1.04,51.3,1011.24,294.44,0.0,1356.98,79.91,99.89,273.77,342.21,262.19,327.74,345.6,289.03,60.12,285.48,349.9
115,217.0,1.25,1.1,51.3,1059.5,331.25,0.0,1442.05,86.92,108.65,296.94,371.17,269.03,336.29,345.6,314.39,65.39,280.21,387.77
116,221.0,-1.67,1.16,51.3,1098.92,-441.67,0.0,708.56,43.5,54.37,315.05,393.82,270.53,338.16,345.6,157.33,32.72,312.88,173.78
117,205.0,-4.86,1.22,51.3,945.56,-1288.19,0.0,-291.33,-16.59,-20.74,318.79,398.49,260.5,325.63,345.6,-60.0,-12.48,358.08,-57.91
118,186.0,-5.83,1.28,51.3,778.41,-1545.83,0.0,-716.12,-37.0,-46.25,311.35,389.19,243.61,304.51,345.6,-133.82,-27.84,373.44,-123.85
119,163.0,-6.67,1.33,51.3,597.8,-1766.67,0.0,-1117.56,-50.6,-63.25,299.18,373.98,225.54,281.92,345.6,-183.02,-38.07,383.67,-164.86
120,138.0,-6.11,1.37,51.3,428.49,-1619.44,0.0,-1139.65,-43.69,-54.61,286.09,357.61,209.08,261.35,345.6,-158.01,-32.87,378.47,-144.29
121,119.0,-4.86,1.4,51.3,318.62,-1288.19,0.0,-918.27,-30.35,-37.94,275.8,344.75,196.44,245.55,345.6,-109.79,-22.84,368.44,-102.98
122,103.0,-4.44,1.43,51.3,238.7,-1177.78,0.0,-887.78,-25.4,-31.75,268.06,335.07,186.82,233.52,345.6,-91.87,-19.11,364.71,-87.06
123,87.0,-3.75,1.46,51.3,170.3,-993.75,0.0,-772.15,-18.66,-23.33,261.94,327.42,179.26,224.07,345.6,-67.49,-14.04,359.64,-64.86
124,76.0,-2.78,1.48,51.3,129.96,-736.11,0.0,-554.85,-11.71,-14.64,257.72,322.15,173.68,217.1,345.6,-42.37,-8.81,354.41,-41.31
125,67.0,-2.5,1.5,51.3,101.0,-662.5,0.0,-510.2,-9.5,-11.87,254.78,318.47,169.43,211.78,345.6,-34.34,-7.14,352.74,-33.65
126,58.0,-0.97,1.52,51.3,75.69,-257.64,0.0,-130.65,-2.1,-2.63,253.16,316.45,166.43,208.04,345.6,-7.61,-1.58,347.18,-7.58
127,60.0,0.97,1.54,51.3,81.0,257.64,0.0,389.94,6.5,8.12,253.77,317.22,165.06,206.32,345.6,23.51,4.89,340.71,23.84
128,65.0,1.11,1.55,51.3,95.06,294.44,0.0,440.81,7.96,9.95,255.78,319.73,164.5,205.63,345.6,28.79,5.99,339.61,29.29
129,68.0,-0.14,1.57,51.3,104.04,-36.81,0.0,118.53,2.24,2.8,257.2,321.5,163.47,204.34,345.6,8.1,1.68,343.92,8.14
130,64.0,-1.25,1.59,51.3,92.16,-331.25,0.0,-187.79,-3.34,-4.17,257.05,321.31,161.49,201.87,345.6,-12.07,-2.51,348.11,-11.99
131,59.0,-1.11,1.61,51.3,78.32,-294.44,0.0,-164.82,-2.7,-3.38,256.21,320.26,159.26,199.07,345.6,-9.77,-2.03,347.63,-9.71
132,56.0,-0.28,1.62,51.3,70.56,-73.61,0.0,48.25,0.75,0.94,255.94,319.92,157.53,196.91,345.6,2.71,0.56,345.04,2.72
133,57.0,1.39,1.64,51.3,73.1,368.06,0.0,492.46,7.8,9.75,257.12,321.4,156.74,195.93,345.6,28.2,5.87,339.73,28.69
134,66.0,3.61,1.66,51.3,98.01,956.94,0.0,1106.25,20.28,25.35,261.02,326.28,157.48,196.85,345.6,73.36,15.26,330.34,76.74
135,83.0,5.14,1.68,51.3,155.0,1361.81,0.0,1568.11,36.15,45.19,268.86,336.08,160.21,200.26,345.6,130.76,27.2,318.4,141.93
136,103.0,4.44,1.7,51.3,238.7,1177.78,0.0,1467.78,41.99,52.49,279.72,349.64,164.15,205.19,345.6,151.89,31.59,314.01,167.17
137,115.0,2.78,1.73,51.3,297.56,736.11,0.0,1084.97,34.66,43.32,290.36,362.95,167.42,209.28,345.6,125.36,26.07,319.53,135.59
138,123.0,2.5,1.77,51.3,340.4,662.5,0.0,1054.2,36.02,45.02,300.18,375.22,169.85,212.31,345.6,130.28,27.1,318.5,141.36
139,133.0,2.78,1.8,51.3,398.0,736.11,0.0,1185.41,43.79,54.74,311.26,389.08,172.64,215.81,345.6,158.4,32.95,312.65,175.09
140,143.0,2.5,1.84,51.3,460.1,662.5,0.0,1173.9,46.63,58.29,323.82,404.78,175.87,219.84,345.6,168.66,35.08,310.52,187.71
141,151.0,2.08,1.88,51.3,513.02,552.08,0.0,1116.41,46.83,58.53,336.8,421.0,178.95,223.69,345.6,169.37,35.23,310.37,188.59
142,158.0,0.83,1.93,51.3,561.69,220.83,0.0,833.82,36.6,45.74,348.39,435.49,180.98,226.23,345.6,132.36,27.53,318.07,143.82
143,157.0,0.56,1.97,51.3,554.6,147.22,0.0,753.12,32.84,41.06,358.03,447.54,181.86,227.32,345.6,118.8,24.71,320.89,127.94
144,162.0,1.94,2.01,51.3,590.49,515.28,0.0,1157.07,52.07,65.09,369.83,462.28,183.71,229.64,345.6,188.32,39.17,306.43,212.4
145,171.0,2.64,2.06,51.3,657.92,699.31,0.0,1408.53,66.91,83.63,386.35,482.94,187.61,234.52,345.6,241.99,50.33,295.27,283.24
146,181.0,2.5,2.11,51.3,737.12,662.5,0.0,1450.92,72.95,91.19,405.77,507.22,192.48,240.59,345.6,263.85,54.88,290.72,313.66
147,189.0,0.97,2.16,51.3,803.72,257.64,0.0,1112.66,58.41,73.02,424.02,530.02,196.34,245.43,345.6,211.28,43.95,301.65,242.06
148,188.0,-2.92,2.21,51.3,795.24,-772.92,0.0,73.62,3.84,4.81,432.67,540.83,195.6,244.51,345.6,13.91,2.89,342.71,14.02
149,168.0,-6.53,2.26,51.3,635.04,-1729.86,0.0,-1043.52,-48.7,-60.87,426.44,533.05,188.57,235.72,345.6,-176.13,-36.64,382.24,-159.25
150,141.0,-7.08,2.3,51.3,447.32,-1877.08,0.0,-1378.46,-53.99,-67.49,412.18,515.22,178.87,223.59,345.6,-195.28,-40.62,386.22,-174.74
151,117.0,-5.69,2.34,51.3,308.0,-1509.03,0.0,-1149.73,-37.37,-46.71,399.49,499.36,170.71,213.39,345.6,-135.15,-28.11,373.71,-124.98
152,100.0,-4.31,2.37,51.3,225.0,-1140.97,0.0,-864.67,-24.02,-30.02,390.96,488.7,164.94,206.18,345.6,-86.87,-18.07,363.67,-82.56
153,86.0,-3.61,2.4,51.3,166.41,-956.94,0.0,-739.23,-17.66,-22.07,385.17,481.47,160.75,200.94,345.6,-63.87,-13.29,358.89,-61.51
154,74.0,-1.81,2.42,51.3,123.21,-478.47,0.0,-303.96,-6.25,-7.81,381.85,477.32,157.9,197.37,345.6,-22.6,-4.7,350.3,-22.3
155,73.0,2.08,2.44,51.3,119.9,552.08,0.0,723.29,14.67,18.33,383.02,478.78,157.06,196.32,345.6,53.05,11.03,334.57,54.8
156,89.0,4.86,2.46,51.3,178.22,1288.19,0.0,1517.72,37.52,46.9,390.27,487.84,158.57,198.21,345.6,135.71,28.23,317.37,147.78
157,108.0,5.56,2.49,51.3,262.44,1472.22,0.0,1785.96,53.58,66.97,402.92,503.65,161.91,202.38,345.6,193.79,40.31,305.29,219.38
158,129.0,4.58,2.52,51.3,374.42,1214.58,0.0,1640.31,58.78,73.47,418.53,523.16,165.98,207.48,345.6,212.59,44.22,301.38,243.78
159,141.0,1.11,2.56,51.3,447.32,294.44,0.0,793.07,31.06,38.83,431.01,538.76,168.43,210.53,345.6,112.35,23.37,322.23,120.49
160,137.0,-1.81,2.6,51.3,422.3,-478.47,0.0,-4.87,-0.19,-0.23,435.29,544.12,167.57,209.47,345.6,-0.67,-0.14,345.74,-0.67
161,128.0,-2.5,2.63,51.3,368.64,-662.5,0.0,-242.56,-8.62,-10.78,434.07,542.59,164.77,205.96,345.6,-31.19,-6.49,352.09,-30.62
162,119.0,-1.53,2.67,51.3,318.62,-404.86,0.0,-34.94,-1.15,-1.44,432.71,540.89,162.14,202.68,345.6,-4.18,-0.87,346.47,-4.17
163,117.0,0.56,2.7,51.3,308.0,147.22,0.0,506.52,16.46,20.58,434.84,543.55,160.96,201.2,345.6,59.54,12.38,333.22,61.75
164,123.0,1.11,2.73,51.3,340.4,294.44,0.0,686.15,23.44,29.3,440.38,550.48,161.02,201.28,345.6,84.79,17.64,327.96,89.35
165,125.0,-0.42,2.77,51.3,351.56,-110.42,0.0,292.45,10.15,12.69,445.05,556.31,160.71,200.88,345.6,36.73,7.64,337.96,37.56
166,120.0,-0.83,2.8,51.3,324.0,-220.83,0.0,154.47,5.15,6.44,447.17,558.97,159.51,199.39,345.6,18.62,3.87,341.73,18.83
167,119.0,0.42,2.84,51.3,318.62,110.42,0.0,480.34,15.88,19.85,450.09,562.62,158.68,198.35,345.6,57.43,11.95,333.65,59.48
168,123.0,0.69,2.87,51.3,340.4,184.03,0.0,575.73,19.67,24.59,455.03,568.79,158.54,198.17,345.6,71.15,14.8,330.8,74.33
169,124.0,-0.56,2.9,51.3,345.96,-147.22,0.0,250.04,8.61,10.77,458.96,573.7,158.02,197.52,345.6,31.15,6.48,339.12,31.75
170,119.0,-0.69,2.94,51.3,318.62,-184.03,0.0,185.89,6.14,7.68,461.01,576.26,156.9,196.13,345.6,22.23,4.62,340.98,22.53
171,119.0,0.14,2.97,51.3,318.62,36.81,0.0,406.73,13.44,16.81,463.73,579.66,156.07,195.09,345.6,48.63,10.11,335.49,50.09
172,120.0,0.42,3.0,51.3,324.0,110.42,0.0,485.72,16.19,20.24,467.84,584.81,155.72,194.65,345.6,58.56,12.18,333.42,60.7
173,122.0,1.67,3.04,51.3,334.89,441.67,0.0,827.86,28.06,35.07,473.99,592.49,156.02,195.02,345.6,101.47,21.11,324.49,108.07
174,132.0,3.19,3.07,51.3,392.04,846.53,0.0,1289.87,47.3,59.12,484.45,605.57,157.63,197.04,345.6,171.06,35.58,310.02,190.69
175,145.0,3.19,3.11,51.3,473.06,846.53,0.0,1370.89,55.22,69.02,498.69,623.37,160.26,200.32,345.6,199.71,41.54,304.06,227.0
176,155.0,3.06,3.15,51.3,540.56,809.72,0.0,1401.58,60.35,75.43,514.74,643.43,163.23,204.04,345.6,218.27,45.4,300.2,251.27
177,167.0,2.08,3.2,51.3,627.5,552.08,0.0,1230.89,57.1,71.37,531.05,663.82,166.05,207.56,345.6,206.52,42.96,302.64,235.84
178,170.0,-2.36,3.24,51.3,650.25,-625.69,0.0,75.86,3.58,4.48,539.48,674.35,166.25,207.81,345.6,12.96,2.69,342.91,13.06
179,150.0,-5.83,3.29,51.3,506.25,-1545.83,0.0,-988.28,-41.18,-51.47,534.26,667.83,162.42,203.02,345.6,-148.94,-30.98,376.58,-136.69
180,128.0,-5.69,3.33,51.3,368.64,-1509.03,0.0,-1089.09,-38.72,-48.4,523.16,653.95,157.2,196.5,345.6,-140.06,-29.13,374.73,-129.17
181,109.0,-3.61,3.36,51.3,267.32,-956.94,0.0,-638.32,-19.33,-24.16,515.1,643.88,153.26,191.57,345.6,-69.9,-14.54,360.14,-67.08
182,102.0,-0.28,3.39,51.3,234.09,-73.61,0.0,211.78,6.0,7.5,513.25,641.56,151.39,189.24,345.6,21.7,4.51,341.09,21.99
183,107.0,1.67,3.42,51.3,257.6,441.67,0.0,750.57,22.31,27.89,517.18,646.48,151.25,189.07,345.6,80.69,16.78,328.82,84.81
184,114.0,0.56,3.45,51.3,292.41,147.22,0.0,490.93,15.55,19.43,522.44,653.05,151.43,189.29,345.6,56.23,11.7,333.9,58.2
185,111.0,0.42,3.48,51.3,277.22,110.42,0.0,438.94,13.53,16.92,526.48,658.1,151.23,189.04,345.6,48.95,10.18,335.42,50.44
186,117.0,3.06,3.51,51.3,308.0,809.72,0.0,1169.02,37.99,47.49,533.64,667.04,151.91,189.88,345.6,137.42,28.58,317.02,149.81
187,133.0,4.44,3.55,51.3,398.0,1177.78,0.0,1627.08,60.11,75.14,547.26,684.08,154.26,192.83,345.6,217.42,45.22,300.38,250.15
188,149.0,4.31,3.59,51.3,499.52,1140.97,0.0,1691.79,70.02,87.53,565.33,706.67,157.62,197.02,345.6,253.26,52.68,292.92,298.81
189,164.0,3.61,3.63,51.3,605.16,956.94,0.0,1613.4,73.5,91.87,585.27,731.59,161.22,201.52,345.6,265.84,55.29,290.31,316.48
190,175.0,2.92,3.68,51.3,689.06,772.92,0.0,1513.28,73.56,91.95,605.69,757.12,164.71,205.89,345.6,266.07,55.34,290.26,316.8
191,185.0,0.28,3.73,51.3,770.06,73.61,0.0,894.97,45.99,57.49,622.3,777.87,166.95,208.69,345.6,166.35,34.6,311.0,184.85
192,177.0,-4.58,3.78,51.3,704.9,-1214.58,0.0,-458.38,-22.54,-28.17,625.56,781.94,165.59,206.99,345.6,-81.51,-16.95,362.55,-77.7
193,152.0,-6.81,3.82,51.3,519.84,-1803.47,0.0,-1232.33,-52.03,-65.04,615.2,769.0,160.91,201.13,345.6,-188.19,-39.14,384.74,-169.05
194,128.0,-5.97,3.86,51.3,368.64,-1582.64,0.0,-1162.7,-41.34,-51.68,602.23,752.79,155.93,194.91,345.6,-149.52,-31.1,376.7,-137.18
195,109.0,-5.42,3.9,51.3,267.32,-1435.42,0.0,-1116.79,-33.81,-42.27,591.79,739.74,151.93,189.91,345.6,-122.3,-25.44,371.04,-113.92
196,89.0,-5.56,3.92,51.3,178.22,-1472.22,0.0,-1242.7,-30.72,-38.4,582.83,728.54,148.58,185.73,345.6,-111.12,-23.11,368.71,-104.15
197,69.0,-4.58,3.94,51.3,107.12,-1214.58,0.0,-1056.16,-20.24,-25.3,575.75,719.69,145.96,182.45,345.6,-73.22,-15.23,360.83,-70.13
198,56.0,-1.25,3.96,51.3,70.56,-331.25,0.0,-209.39,-3.26,-4.07,572.49,715.61,144.5,180.62,345.6,-11.78,-2.45,348.05,-11.7
199,60.0,2.22,3.98,51.3,81.0,588.89,0.0,721.19,12.02,15.02,573.7,717.13,144.22,180.27,345.6,43.47,9.04,336.56,44.64
200,72.0,4.17,4.0,51.3,116.64,1104.17,0.0,1272.11,25.44,31.8,578.91,723.63,144.86,181.07,345.6,92.02,19.14,326.46,97.42
201,90.0,4.72,4.02,51.3,182.25,1251.39,0.0,1484.94,37.12,46.4,587.6,734.5,146.21,182.76,345.6,134.27,27.93,317.67,146.08
202,106.0,3.19,4.05,51.3,252.81,846.53,0.0,1150.64,33.88,42.35,597.46,746.82,147.66,184.58,345.6,122.54,25.49,320.11,132.3
203,113.0,1.11,4.08,51.3,287.3,294.44,0.0,633.05,19.87,24.84,604.92,756.15,148.39,185.49,345.6,71.87,14.95,330.65,75.12
204,114.0,1.25,4.11,51.3,292.41,331.25,0.0,674.96,21.37,26.72,610.65,763.31,148.65,185.81,345.6,77.31,16.08,329.52,81.08
205,122.0,2.5,4.14,51.3,334.89,662.5,0.0,1048.69,35.54,44.42,618.56,773.2,149.38,186.72,345.6,128.54,26.74,318.86,139.32
206,132.0,0.14,4.18,51.3,392.04,36.81,0.0,480.15,17.61,22.01,625.94,782.42,149.89,187.36,345.6,63.68,13.24,332.36,66.21
207,123.0,-3.06,4.21,51.3,340.4,-809.72,0.0,-418.02,-14.28,-17.85,626.4,783.0,148.73,185.92,345.6,-51.66,-10.74,356.34,-50.1
208,110.0,-3.47,4.24,51.3,272.25,-920.14,0.0,-596.59,-18.23,-22.79,621.88,777.35,146.54,183.17,345.6,-65.93,-13.71,359.31,-63.42
209,98.0,-3.19,4.27,51.3,216.09,-846.53,0.0,-579.14,-15.77,-19.71,617.16,771.45,144.44,180.55,345.6,-57.02,-11.86,357.46,-55.13
210,87.0,-1.25,4.3,51.3,170.3,-331.25,0.0,-109.65,-2.65,-3.31,614.6,768.26,142.98,178.73,345.6,-9.58,-1.99,347.59,-9.53
211,89.0,2.36,4.32,51.3,178.22,625.69,0.0,855.22,21.14,26.43,617.17,771.47,142.77,178.46,345.6,76.47,15.91,329.69,80.16
212,104.0,4.58,4.35,51.3,243.36,1214.58,0.0,1509.24,43.6,54.5,626.17,782.71,143.96,179.94,345.6,157.7,32.8,312.8,174.23
213,122.0,5.0,4.38,51.3,334.89,1325.0,0.0,1711.19,57.99,72.49,640.27,800.34,146.14,182.68,345.6,209.75,43.63,301.97,240.05
214,140.0,4.72,4.42,51.3,441.0,1251.39,0.0,1743.69,67.81,84.76,657.75,822.18,148.9,186.12,345.6,245.26,51.01,294.59,287.74
215,156.0,3.61,4.46,51.3,547.56,956.94,0.0,1555.8,67.42,84.27,676.53,845.66,151.74,189.67,345.6,243.84,50.72,294.88,285.79
216,166.0,-0.56,4.5,51.3,620.01,-147.22,0.0,524.09,24.17,30.21,689.25,861.56,153.05,191.32,345.6,87.41,18.18,327.42,92.26
217,152.0,-4.72,4.55,51.3,519.84,-1251.39,0.0,-680.25,-28.72,-35.9,688.62,860.77,151.43,189.28,345.6,-103.88,-21.61,367.21,-97.77
218,132.0,-4.44,4.59,51.3,392.04,-1177.78,0.0,-734.44,-26.93,-33.66,680.89,851.11,148.44,185.55,345.6,-97.4,-20.26,365.86,-92.01
219,120.0,-2.22,4.62,51.3,324.0,-588.89,0.0,-213.59,-7.12,-8.9,676.16,845.2,146.29,182.87,345.6,-25.75,-5.36,350.96,-25.36
220,116.0,0.97,4.65,51.3,302.76,257.64,0.0,611.7,19.71,24.64,677.91,847.38,145.64,182.05,345.6,71.29,14.83,330.77,74.49
221,127.0,3.47,4.69,51.3,362.9,920.14,0.0,1334.34,47.07,58.84,687.18,858.98,146.57,183.21,345.6,170.26,35.41,310.19,189.69
222,141.0,1.81,4.73,51.3,447.32,478.47,0.0,977.09,38.27,47.84,699.04,873.79,147.92,184.9,345.6,138.42,28.79,316.81,151.0
223,140.0,-0.56,4.76,51.3,441.0,-147.22,0.0,345.08,13.42,16.77,706.21,882.77,148.22,185.27,345.6,48.54,10.1,335.5,50.0
224,137.0,-1.25,4.8,51.3,422.3,-331.25,0.0,142.35,5.42,6.77,708.83,886.04,147.57,184.47,345.6,19.59,4.08,341.52,19.83
225,131.0,-2.36,4.84,51.3,386.12,-625.69,0.0,-188.27,-6.85,-8.56,708.63,885.79,146.4,183.0,345.6,-24.78,-5.15,350.75,-24.42
226,120.0,-3.61,4.88,51.3,324.0,-956.94,0.0,-581.64,-19.39,-24.24,704.99,881.23,144.6,180.76,345.6,-70.12,-14.59,360.19,-67.29
227,105.0,-4.03,4.91,51.3,248.06,-1067.36,0.0,-768.0,-22.4,-28.0,699.18,873.98,142.5,178.13,345.6,-81.02,-16.85,362.45,-77.25
228,91.0,-3.75,4.93,51.3,186.32,-993.75,0.0,-756.13,-19.11,-23.89,693.42,866.77,140.55,175.68,345.6,-69.13,-14.38,359.98,-66.37
229,78.0,-3.19,4.96,51.3,136.89,-846.53,0.0,-658.34,-14.26,-17.83,688.78,860.98,138.95,173.68,345.6,-51.59,-10.73,356.33,-50.04
230,68.0,-0.83,4.98,51.3,104.04,-220.83,0.0,-65.49,-1.24,-1.55,686.63,858.29,137.95,172.43,345.6,-4.47,-0.93,346.53,-4.46
231,72.0,2.36,5.0,51.3,116.64,625.69,0.0,793.63,15.87,19.84,688.66,860.83,137.82,172.27,345.6,57.41,11.94,333.66,59.46
232,85.0,4.58,5.02,51.3,162.56,1214.58,0.0,1428.45,33.73,42.16,695.55,869.44,138.59,173.24,345.6,121.99,25.37,320.23,131.65
233,105.0,5.42,5.05,51.3,248.06,1435.42,0.0,1734.78,50.6,63.25,707.26,884.08,140.19,175.23,345.6,183.01,38.07,307.53,205.66
234,124.0,5.28,5.08,51.3,345.96,1398.61,0.0,1795.87,61.86,77.32,722.88,903.6,142.39,177.98,345.6,223.73,46.54,299.06,258.55
235,143.0,4.86,5.11,51.3,460.1,1288.19,0.0,1799.6,71.48,89.35,741.4,926.75,144.97,181.22,345.6,258.55,53.78,291.82,306.2
236,159.0,4.03,5.16,51.3,568.82,1067.36,0.0,1687.48,74.53,93.16,761.68,952.1,147.73,184.66,345.6,269.57,56.07,289.53,321.77
237,172.0,3.33,5.2,51.3,665.64,883.33,0.0,1600.27,76.46,95.57,782.65,978.31,150.45,188.07,345.6,276.54,57.52,288.08,331.75
238,183.0,2.92,5.25,51.3,753.5,772.92,0.0,1577.72,80.2,100.25,804.41,1005.51,153.18,191.48,345.6,290.08,60.34,285.26,351.43
239,193.0,2.5,5.3,51.3,838.1,662.5,0.0,1551.9,83.2,104.0,827.1,1033.88,155.96,194.94,345.6,300.92,62.59,283.01,367.48
240,201.0,1.94,5.36,51.3,909.02,515.28,0.0,1475.6,82.39,102.98,850.1,1062.63,158.65,198.32,345.6,297.99,61.98,283.62,363.11
241,207.0,1.67,5.41,51.3,964.1,441.67,0.0,1457.07,83.78,104.73,873.18,1091.48,161.26,201.57,345.6,303.03,63.03,282.57,370.62
242,213.0,1.53,5.47,51.3,1020.8,404.86,0.0,1476.96,87.39,109.23,896.95,1121.19,163.88,204.85,345.6,316.07,65.74,279.86,390.32
243,218.0,1.11,5.53,51.3,1069.29,294.44,0.0,1415.03,85.69,107.11,920.99,1151.24,166.45,208.07,345.6,309.93,64.46,281.14,380.99
244,221.0,-1.94,5.59,51.3,1098.92,-515.28,0.0,634.94,38.98,48.72,938.31,1172.88,167.73,209.67,345.6,140.98,29.32,316.28,154.05
245,204.0,-5.83,5.65,51.3,936.36,-1545.83,0.0,-558.17,-31.63,-39.54,939.33,1174.16,166.16,207.7,345.6,-114.4,-23.8,369.4,-107.03
246,179.0,-6.67,5.71,51.3,720.92,-1766.67,0.0,-994.44,-49.45,-61.81,928.07,1160.08,162.64,203.3,345.6,-178.84,-37.2,382.8,-161.46
247,156.0,-6.67,5.75,51.3,547.56,-1766.67,0.0,-1167.81,-50.6,-63.26,914.17,1142.71,158.91,198.64,345.6,-183.03,-38.07,383.67,-164.87
248,131.0,-6.11,5.79,51.3,386.12,-1619.44,0.0,-1182.02,-43.01,-53.77,901.17,1126.46,155.57,194.46,345.6,-155.57,-32.36,377.96,-142.25
249,112.0,-5.0,5.83,51.3,282.24,-1325.0,0.0,-991.46,-30.85,-38.56,890.91,1113.64,152.91,191.14,345.6,-111.56,-23.21,368.81,-104.55
250,95.0,-4.72,5.86,51.3,203.06,-1251.39,0.0,-997.03,-26.31,-32.89,882.97,1103.72,150.8,188.5,345.6,-95.16,-19.79,365.39,-90.01
251,78.0,-4.03,5.88,51.3,136.89,-1067.36,0.0,-879.17,-19.05,-23.81,876.67,1095.84,149.12,186.39,345.6,-68.9,-14.33,359.93,-66.15
252,66.0,-2.08,5.9,51.3,98.01,-552.08,0.0,-402.77,-7.38,-9.23,873.0,1091.25,147.99,184.98,345.6,-26.71,-5.56,351.16,-26.29
253,63.0,0.28,5.92,51.3,89.3,73.61,0.0,214.21,3.75,4.69,872.5,1090.62,147.45,184.32,345.6,13.56,2.82,342.78,13.67
254,68.0,1.67,5.94,51.3,104.04,441.67,0.0,597.01,11.28,14.1,874.58,1093.23,147.35,184.19,345.6,40.79,8.48,337.12,41.81
255,75.0,3.19,5.96,51.3,126.56,846.53,0.0,1024.39,21.34,26.68,879.11,1098.89,147.62,184.53,345.6,77.19,16.06,329.54,80.95
256,91.0,5.14,5.98,51.3,186.32,1361.81,0.0,1599.43,40.43,50.54,887.69,1109.62,148.49,185.61,345.6,146.23,30.42,315.18,160.34
257,112.0,5.97,6.01,51.3,282.24,1582.64,0.0,1916.18,59.61,74.52,901.59,1126.99,150.1,187.63,345.6,215.62,44.85,300.75,247.77
258,134.0,5.42,6.04,51.3,404.01,1435.42,0.0,1890.73,70.38,87.97,919.64,1149.55,152.24,190.31,345.6,254.55,52.95,292.65,300.6
259,151.0,4.44,6.08,51.3,513.02,1177.78,0.0,1742.1,73.07,91.34,939.57,1174.46,154.53,193.16,345.6,264.29,54.97,290.63,314.28
260,166.0,3.61,6.12,51.3,620.01,956.94,0.0,1628.25,75.08,93.85,960.14,1200.18,156.78,195.97,345.6,271.56,56.48,289.12,324.61
261,177.0,3.19,6.17,51.3,704.9,846.53,0.0,1602.73,78.8,98.5,981.52,1226.89,159.03,198.79,345.6,285.01,59.28,286.32,344.03
262,189.0,3.06,6.22,51.3,803.72,809.72,0.0,1664.74,87.4,109.25,1004.6,1255.75,161.44,201.8,345.6,316.11,65.75,279.85,390.39
263,199.0,2.08,6.28,51.3,891.02,552.08,0.0,1494.41,82.61,103.26,1028.21,1285.26,163.82,204.77,345.6,298.78,62.15,283.45,364.29
264,204.0,1.67,6.33,51.3,936.36,441.67,0.0,1429.33,81.0,101.24,1050.93,1313.67,165.96,207.45,345.6,292.95,60.93,284.67,355.66
265,211.0,1.53,6.39,51.3,1001.72,404.86,0.0,1457.88,85.45,106.81,1074.05,1342.56,168.08,210.1,345.6,309.06,64.28,281.32,379.68
266,215.0,1.25,6.45,51.3,1040.06,331.25,0.0,1422.61,84.96,106.2,1097.72,1372.15,170.21,212.76,345.6,307.3,63.92,281.68,377.03
267,220.0,1.39,6.51,51.3,1089.0,368.06,0.0,1508.36,92.18,115.22,1122.32,1402.9,172.41,215.51,345.6,333.4,69.35,276.25,417.09
268,225.0,0.42,6.57,51.3,1139.06,110.42,0.0,1300.78,81.3,101.62,1146.41,1433.02,174.45,218.06,345.6,294.05,61.16,284.44,357.28
269,223.0,-3.33,6.63,51.3,1118.9,-883.33,0.0,286.87,17.77,22.21,1160.17,1450.22,174.89,218.61,345.6,64.27,13.37,332.23,66.86
270,201.0,-7.5,6.69,51.3,909.02,-1987.5,0.0,-1027.18,-57.35,-71.69,1154.68,1443.35,172.53,215.66,345.6,-207.43,-43.15,388.75,-184.41
271,169.0,-8.47,6.74,51.3,642.62,-2245.14,0.0,-1551.22,-72.82,-91.03,1136.6,1420.75,168.53,210.67,345.6,-263.39,-54.78,400.38,-227.35
272,140.0,-7.5,6.79,51.3,441.0,-1987.5,0.0,-1495.2,-58.15,-72.68,1118.41,1398.01,164.79,205.99,345.6,-210.31,-43.74,389.34,-186.68
273,115.0,-5.42,6.82,51.3,297.56,-1435.42,0.0,-1086.55,-34.71,-43.39,1105.51,1381.89,162.04,202.55,345.6,-125.54,-26.11,371.71,-116.72
274,101.0,-4.03,6.85,51.3,229.52,-1067.36,0.0,-786.54,-22.07,-27.58,1097.63,1372.03,160.18,200.23,345.6,-79.81,-16.6,362.2,-76.16
275,86.0,-3.75,6.88,51.3,166.41,-993.75,0.0,-776.04,-18.54,-23.17,1091.99,1364.98,158.76,198.45,345.6,-67.05,-13.95,359.55,-64.45
276,74.0,-2.78,6.9,51.3,123.21,-736.11,0.0,-561.6,-11.54,-14.43,1087.81,1359.76,157.64,197.05,345.6,-41.75,-8.68,354.28,-40.73
277,66.0,-1.53,6.92,51.3,98.01,-404.86,0.0,-255.55,-4.69,-5.86,1085.55,1356.94,156.87,196.09,345.6,-16.95,-3.52,349.12,-16.77
278,63.0,-0.56,6.94,51.3,89.3,-147.22,0.0,-6.62,-0.12,-0.14,1084.89,1356.11,156.37,195.46,345.6,-0.42,-0.09,345.69,-0.42
279,62.0,0.14,6.96,51.3,86.49,36.81,0.0,174.6,3.01,3.76,1085.29,1356.61,156.04,195.05,345.6,10.88,2.26,343.34,10.95
280,64.0,1.25,6.97,51.3,92.16,331.25,0.0,474.71,8.44,10.55,1086.88,1358.6,155.87,194.84,345.6,30.52,6.35,339.25,31.1
281,71.0,0.56,6.99,51.3,113.42,147.22,0.0,311.94,6.15,7.69,1088.9,1361.13,155.75,194.68,345.6,22.25,4.63,340.97,22.55
282,68.0,-1.25,7.01,51.3,104.04,-331.25,0.0,-175.91,-3.32,-4.15,1089.3,1361.62,155.37,194.22,345.6,-12.02,-2.5,348.1,-11.93
283,62.0,-1.25,7.03,51.3,86.49,-331.25,0.0,-193.46,-3.33,-4.16,1088.37,1360.47,154.84,193.55,345.6,-12.05,-2.51,348.11,-11.96
284,59.0,-0.56,7.05,51.3,78.32,-147.22,0.0,-17.6,-0.29,-0.36,1087.87,1359.84,154.4,193.0,345.6,-1.04,-0.22,345.82,-1.04
285,58.0,0.42,7.06,51.3,75.69,110.42,0.0,237.41,3.82,4.78,1088.36,1360.45,154.12,192.65,345.6,13.83,2.88,342.72,13.95
286,62.0,1.81,7.08,51.3,86.49,478.47,0.0,616.26,10.61,13.27,1090.37,1362.96,154.04,192.55,345.6,38.39,7.98,337.62,39.3
287,71.0,4.31,7.1,51.3,113.42,1140.97,0.0,1305.69,25.75,32.19,1095.42,1369.27,154.35,192.93,345.6,93.14,19.37,326.23,98.67
288,93.0,5.14,7.12,51.3,194.6,1361.81,0.0,1607.71,41.53,51.92,1104.76,1380.95,155.17,193.96,345.6,150.22,31.25,314.35,165.15
289,108.0,3.75,7.15,51.3,262.44,993.75,0.0,1307.49,39.22,49.03,1115.98,1394.97,156.13,195.16,345.6,141.87,29.51,316.09,155.12
290,120.0,3.47,7.18,51.3,324.0,920.14,0.0,1295.44,43.18,53.98,1127.42,1409.28,157.03,196.29,345.6,156.18,32.49,313.11,172.39
291,133.0,3.47,7.21,51.3,398.0,920.14,0.0,1369.44,50.59,63.24,1140.45,1425.56,158.08,197.59,345.6,182.99,38.06,307.54,205.64
292,145.0,2.5,7.25,51.3,473.06,662.5,0.0,1186.86,47.8,59.76,1154.11,1442.64,159.12,198.9,345.6,172.9,35.96,309.64,192.99
293,151.0,1.53,7.29,51.3,513.02,404.86,0.0,969.18,40.65,50.81,1166.4,1458.0,159.91,199.88,345.6,147.03,30.58,315.02,161.31
294,156.0,1.39,7.34,51.3,547.56,368.06,0.0,966.92,41.9,52.37,1177.87,1472.33,160.54,200.67,345.6,151.55,31.52,314.08,166.76
295,161.0,1.39,7.38,51.3,583.22,368.06,0.0,1002.58,44.84,56.05,1189.91,1487.39,161.21,201.52,345.6,162.17,33.73,311.87,179.71
296,166.0,1.94,7.43,51.3,620.01,515.28,0.0,1186.59,54.71,68.39,1203.74,1504.67,162.09,202.61,345.6,197.9,41.16,304.44,224.66
297,175.0,2.5,7.47,51.3,689.06,662.5,0.0,1402.86,68.19,85.24,1220.81,1526.01,163.35,204.18,345.6,246.65,51.3,294.3,289.65
298,184.0,2.22,7.52,51.3,761.76,588.89,0.0,1401.95,71.66,89.57,1240.23,1550.29,164.85,206.06,345.6,259.17,53.91,291.69,307.07
299,191.0,1.81,7.58,51.3,820.82,478.47,0.0,1350.59,71.66,89.57,1260.14,1575.17,166.34,207.92,345.6,259.17,53.91,291.69,307.07
300,197.0,-1.11,7.63,51.3,873.2,-294.44,0.0,630.06,34.48,43.1,1274.88,1593.6,167.1,208.87,345.6,124.7,25.94,319.66,134.82
301,183.0,-5.83,7.68,51.3,753.5,-1545.83,0.0,-741.03,-37.67,-47.09,1274.44,1593.04,165.89,207.36,345.6,-136.25,-28.34,373.94,-125.92
302,155.0,-7.78,7.73,51.3,540.56,-2061.11,0.0,-1469.25,-63.26,-79.07,1260.42,1575.52,163.07,203.84,345.6,-228.8,-47.59,393.19,-201.11
303,127.0,-7.36,7.77,51.3,362.9,-1950.69,0.0,-1536.49,-54.2,-67.76,1244.1,1555.13,160.15,200.18,345.6,-196.05,-40.78,386.38,-175.36
304,102.0,-5.69,7.8,51.3,234.09,-1509.03,0.0,-1223.64,-34.67,-43.34,1231.76,1539.7,157.91,197.39,345.6,-125.4,-26.08,371.68,-116.6
305,86.0,-3.75,7.83,51.3,166.41,-993.75,0.0,-776.04,-18.54,-23.17,1224.37,1530.46,156.44,195.55,345.6,-67.05,-13.95,359.55,-64.45
306,75.0,-1.39,7.85,51.3,126.56,-368.06,0.0,-190.19,-3.96,-4.95,1221.24,1526.56,155.6,194.5,345.6,-14.33,-2.98,348.58,-14.21
307,76.0,2.5,7.87,51.3,129.96,662.5,0.0,843.76,17.81,22.27,1223.17,1528.96,155.43,194.28,345.6,64.43,13.4,332.2,67.03
308,93.0,4.86,7.89,51.3,194.6,1288.19,0.0,1534.1,39.63,49.54,1231.15,1538.93,155.98,194.97,345.6,143.34,29.81,315.79,156.87
309,111.0,5.14,7.92,51.3,277.22,1361.81,0.0,1690.33,52.12,65.15,1243.89,1554.86,157.03,196.28,345.6,188.51,39.21,306.39,212.63
310,130.0,4.72,7.96,51.3,380.25,1251.39,0.0,1682.94,60.77,75.97,1259.57,1574.46,158.34,197.92,345.6,219.81,45.72,299.88,253.32
311,145.0,1.81,7.99,51.3,473.06,478.47,0.0,1002.83,40.39,50.49,1273.62,1592.02,159.34,199.17,345.6,146.09,30.39,315.21,160.18
312,143.0,-1.81,8.03,51.3,460.1,-478.47,0.0,32.93,1.31,1.64,1279.41,1599.26,159.27,199.08,345.6,4.73,0.98,344.62,4.74
313,132.0,-2.22,8.07,51.3,392.04,-588.89,0.0,-145.55,-5.34,-6.67,1278.85,1598.56,158.44,198.05,345.6,-19.3,-4.01,349.61,-19.08
314,127.0,-0.97,8.11,51.3,362.9,-257.64,0.0,156.56,5.52,6.9,1278.88,1598.6,157.74,197.18,345.6,19.98,4.16,341.44,20.22
315,125.0,-0.42,8.14,51.3,351.56,-110.42,0.0,292.45,10.15,12.69,1281.06,1601.32,157.33,196.67,345.6,36.73,7.64,337.96,37.56
316,124.0,0.0,8.18,51.3,345.96,0.0,0.0,397.26,13.68,17.1,1284.37,1605.46,157.07,196.34,345.6,49.49,10.29,335.31,51.01
317,125.0,-0.56,8.21,51.3,351.56,-147.22,0.0,255.64,8.88,11.1,1287.5,1609.37,156.79,195.99,345.6,32.11,6.68,338.92,32.74
318,120.0,-0.42,8.25,51.3,324.0,-110.42,0.0,264.88,8.83,11.04,1289.96,1612.45,156.44,195.55,345.6,31.94,6.64,338.96,32.56
319,122.0,1.25,8.28,51.3,334.89,331.25,0.0,717.44,24.31,30.39,1294.56,1618.2,156.36,195.45,345.6,87.94,18.29,327.31,92.85
320,129.0,1.39,8.31,51.3,374.42,368.06,0.0,793.78,28.44,35.55,1301.89,1627.36,156.59,195.74,345.6,102.88,21.4,324.2,109.67
321,132.0,-1.25,8.35,51.3,392.04,-331.25,0.0,112.09,4.11,5.14,1306.41,1633.01,156.45,195.56,345.6,14.87,3.09,342.51,15.0
322,120.0,-2.08,8.39,51.3,324.0,-552.08,0.0,-176.78,-5.89,-7.37,1306.16,1632.7,155.77,194.71,345.6,-21.31,-4.43,350.03,-21.04
323,117.0,-0.28,8.42,51.3,308.0,-73.61,0.0,285.69,9.28,11.61,1306.63,1633.29,155.22,194.02,345.6,33.58,6.99,338.61,34.28
324,118.0,1.11,8.45,51.3,313.29,294.44,0.0,659.03,21.6,27.0,1310.92,1638.65,155.12,193.9,345.6,78.13,16.25,329.35,81.99
325,125.0,2.78,8.48,51.3,351.56,736.11,0.0,1138.97,39.55,49.43,1319.42,1649.27,155.51,194.38,345.6,143.04,29.75,315.85,156.51
326,138.0,3.33,8.52,51.3,428.49,883.33,0.0,1363.12,52.25,65.32,1332.17,1665.21,156.34,195.42,345.6,188.99,39.31,306.29,213.25
327,149.0,3.06,8.56,51.3,499.52,809.72,0.0,1360.54,56.31,70.39,1347.24,1684.06,157.37,196.71,345.6,203.67,42.36,303.24,232.13
328,160.0,2.64,8.6,51.3,576.0,699.31,0.0,1326.61,58.96,73.7,1363.25,1704.07,158.45,198.06,345.6,213.25,44.36,301.24,244.65
329,168.0,-1.25,8.65,51.3,635.04,-331.25,0.0,355.09,16.57,20.71,1373.75,1717.18,158.82,198.53,345.6,59.94,12.47,333.13,62.18
330,151.0,-5.14,8.69,51.3,513.02,-1361.81,0.0,-797.48,-33.45,-41.81,1371.4,1714.25,157.75,197.18,345.6,-120.99,-25.16,370.76,-112.77
331,131.0,-4.58,8.73,51.3,386.12,-1214.58,0.0,-777.16,-28.28,-35.35,1362.83,1703.53,156.06,195.07,345.6,-102.29,-21.28,366.88,-96.35
332,118.0,-3.75,8.77,51.3,313.29,-993.75,0.0,-629.16,-20.62,-25.78,1356.04,1695.04,154.67,193.33,345.6,-74.59,-15.51,361.11,-71.38
333,104.0,-3.33,8.8,51.3,243.36,-883.33,0.0,-588.67,-17.01,-21.26,1350.81,1688.51,153.53,191.91,345.6,-61.51,-12.79,358.39,-59.31
334,94.0,-1.53,8.83,51.3,198.81,-404.86,0.0,-154.75,-4.04,-5.05,1347.89,1684.86,152.72,190.9,345.6,-14.61,-3.04,348.64,-14.49
335,93.0,0.83,8.85,51.3,194.6,220.83,0.0,466.74,12.06,15.07,1349.0,1686.25,152.4,190.5,345.6,43.61,9.07,336.53,44.79
336,100.0,1.81,8.88,51.3,225.0,478.47,0.0,754.77,20.97,26.21,1353.59,1691.98,152.45,190.57,345.6,75.83,15.77,329.83,79.46
337,106.0,1.94,8.91,51.3,252.81,515.28,0.0,819.39,24.13,30.16,1359.85,1699.81,152.67,190.84,345.6,87.26,18.15,327.45,92.1
338,114.0,1.53,8.94,51.3,292.41,404.86,0.0,748.57,23.7,29.63,1366.49,1708.12,152.89,191.11,345.6,85.74,17.83,327.77,90.4
339,117.0,2.64,8.97,51.3,308.0,699.31,0.0,1058.61,34.4,43.01,1374.56,1718.2,153.24,191.55,345.6,124.44,25.88,319.72,134.51
340,133.0,4.31,9.0,51.3,398.0,1140.97,0.0,1590.27,58.75,73.44,1387.5,1734.38,154.09,192.61,345.6,212.5,44.2,301.4,243.66
341,148.0,3.89,9.04,51.3,492.84,1030.56,0.0,1574.7,64.74,80.92,1404.65,1755.82,155.32,194.15,345.6,234.15,48.7,296.9,272.56
342,161.0,3.33,9.09,51.3,583.22,883.33,0.0,1517.86,67.88,84.85,1423.07,1778.84,156.61,195.77,345.6,245.52,51.07,294.53,288.09
343,172.0,2.5,9.13,51.3,665.64,662.5,0.0,1379.44,65.91,82.38,1441.65,1802.07,157.85,197.32,345.6,238.38,49.58,296.02,278.31
344,179.0,-0.97,9.18,51.3,720.92,-257.64,0.0,514.58,25.59,31.98,1454.36,1817.95,158.4,198.0,345.6,92.54,19.25,326.35,98.0
345,165.0,-4.58,9.23,51.3,612.56,-1214.58,0.0,-550.72,-25.24,-31.55,1454.41,1818.01,157.59,196.98,345.6,-91.3,-18.99,364.59,-86.54
346,146.0,-5.97,9.27,51.3,479.61,-1582.64,0.0,-1051.73,-42.65,-53.32,1444.98,1806.22,155.83,194.79,345.6,-154.27,-32.09,377.69,-141.17
347,122.0,-6.39,9.31,51.3,334.89,-1693.06,0.0,-1306.87,-44.29,-55.36,1432.9,1791.13,153.91,192.39,345.6,-160.19,-33.32,378.92,-146.1
348,100.0,-5.42,9.34,51.3,225.0,-1435.42,0.0,-1159.12,-32.2,-40.25,1422.28,1777.85,152.27,190.34,345.6,-116.46,-24.22,369.82,-108.83
349,83.0,-4.86,9.37,51.3,155.0,-1288.19,0.0,-1081.89,-24.94,-31.18,1414.34,1767.93,151.01,188.76,345.6,-90.22,-18.77,364.37,-85.57
350,65.0,-4.17,9.39,51.3,95.06,-1104.17,0.0,-957.8,-17.29,-21.62,1408.48,1760.6,150.05,187.57,345.6,-62.55,-13.01,358.61,-60.28
351,53.0,-1.11,9.4,51.3,63.2,-294.44,0.0,-179.94,-2.65,-3.31,1405.71,1757.14,149.5,186.87,345.6,-9.58,-1.99,347.59,-9.53
352,57.0,3.06,9.42,51.3,73.1,809.72,0.0,934.12,14.79,18.49,1407.39,1759.24,149.43,186.79,345.6,53.5,11.13,334.47,55.27
353,75.0,5.0,9.44,51.3,126.56,1325.0,0.0,1502.86,31.31,39.14,1413.8,1767.25,149.82,187.28,345.6,113.24,23.55,322.05,121.53
354,93.0,4.03,9.46,51.3,194.6,1067.36,0.0,1313.26,33.93,42.41,1422.86,1778.57,150.41,188.01,345.6,122.71,25.52,320.08,132.49
355,104.0,2.36,9.49,51.3,243.36,625.69,0.0,920.35,26.59,33.24,1431.26,1789.08,150.86,188.58,345.6,96.17,20.0,325.6,102.07
356,110.0,1.39,9.52,51.3,272.25,368.06,0.0,691.61,21.13,26.42,1437.89,1797.36,151.09,188.86,345.6,76.43,15.9,329.7,80.12
357,114.0,2.08,9.55,51.3,292.41,552.08,0.0,895.79,28.37,35.46,1444.77,1805.96,151.32,189.14,345.6,102.6,21.34,324.26,109.35
358,125.0,3.06,9.58,51.3,351.56,809.72,0.0,1212.58,42.1,52.63,1454.55,1818.19,151.81,189.77,345.6,152.28,31.68,313.92,167.65
359,136.0,-0.42,9.62,51.3,416.16,-110.42,0.0,357.04,13.49,16.86,1462.27,1827.84,152.04,190.05,345.6,48.79,10.15,335.45,50.26
360,122.0,-4.03,9.65,51.3,334.89,-1067.36,0.0,-681.17,-23.08,-28.86,1460.94,1826.18,151.34,189.18,345.6,-83.49,-17.37,362.97,-79.5
361,107.0,-3.61,9.69,51.3,257.6,-956.94,0.0,-648.04,-19.26,-24.08,1455.06,1818.82,150.24,187.8,345.6,-69.67,-14.49,360.09,-66.86
362,96.0,-2.64,9.71,51.3,207.36,-699.31,0.0,-440.65,-11.75,-14.69,1450.75,1813.44,149.36,186.7,345.6,-42.5,-8.84,354.44,-41.44
363,88.0,-0.83,9.74,51.3,174.24,-220.83,0.0,4.71,0.12,0.14,1449.14,1811.42,148.8,186.0,345.6,0.42,0.09,345.51,0.42
364,90.0,2.36,9.76,51.3,182.25,625.69,0.0,859.24,21.48,26.85,1452.14,1815.17,148.73,185.91,345.6,77.69,16.16,329.44,81.51
365,105.0,4.72,9.79,51.3,248.06,1251.39,0.0,1550.75,45.23,56.54,1461.4,1826.75,149.26,186.58,345.6,163.59,34.03,311.57,181.46
366,124.0,5.0,9.82,51.3,345.96,1325.0,0.0,1722.26,59.32,74.15,1475.92,1844.9,150.26,187.82,345.6,214.56,44.63,300.97,246.38
367,141.0,4.31,9.86,51.3,447.32,1140.97,0.0,1639.59,64.22,80.27,1493.08,1866.35,151.44,189.3,345.6,232.27,48.31,297.29,270.01
368,155.0,2.92,9.9,51.3,540.56,772.92,0.0,1364.78,58.76,73.45,1510.16,1887.7,152.54,190.67,345.6,212.53,44.21,301.39,243.71
369,162.0,-1.39,9.94,51.3,590.49,-368.06,0.0,273.73,12.32,15.4,1520.03,1900.04,152.85,191.07,345.6,44.55,9.27,336.33,45.78
370,145.0,-4.58,9.99,51.3,473.06,-1214.58,0.0,-690.22,-27.8,-34.75,1517.88,1897.35,151.98,189.98,345.6,-100.55,-20.91,366.51,-94.81
371,129.0,-2.78,10.03,51.3,374.42,-736.11,0.0,-310.39,-11.12,-13.9,1512.48,1890.6,150.87,188.59,345.6,-40.23,-8.37,353.97,-39.28
372,125.0,-0.56,10.06,51.3,351.56,-147.22,0.0,255.64,8.88,11.1,1512.17,1890.21,150.31,187.89,345.6,32.11,6.68,338.92,32.74
373,125.0,1.11,10.1,51.3,351.56,294.44,0.0,697.31,24.21,30.27,1516.76,1895.95,150.25,187.81,345.6,87.57,18.22,327.38,92.44
374,133.0,1.81,10.13,51.3,398.0,478.47,0.0,927.77,34.28,42.85,1524.88,1906.11,150.52,188.15,345.6,123.97,25.79,319.81,133.97
375,138.0,0.56,10.17,51.3,428.49,147.22,0.0,627.01,24.04,30.04,1532.98,1916.23,150.76,188.45,345.6,86.93,18.08,327.52,91.73
376,137.0,-0.14,10.21,51.3,422.3,-36.81,0.0,436.8,16.62,20.78,1538.63,1923.29,150.75,188.43,345.6,60.12,12.51,333.09,62.38
377,137.0,-1.67,10.24,51.3,422.3,-441.67,0.0,31.94,1.22,1.52,1541.11,1926.38,150.43,188.03,345.6,4.4,0.91,344.69,4.41
378,125.0,-3.33,10.28,51.3,351.56,-883.33,0.0,-480.47,-16.68,-20.85,1538.96,1923.7,149.69,187.11,345.6,-60.34,-12.55,358.15,-58.23
379,113.0,-3.75,10.31,51.3,287.3,-993.75,0.0,-655.15,-20.56,-25.71,1533.79,1917.23,148.7,185.88,345.6,-74.38,-15.47,361.07,-71.19
380,98.0,-3.75,10.34,51.3,216.09,-993.75,0.0,-726.36,-19.77,-24.72,1528.18,1910.23,147.74,184.68,345.6,-71.52,-14.88,360.48,-68.57
381,86.0,-3.33,10.37,51.3,166.41,-883.33,0.0,-665.62,-15.9,-19.88,1523.23,1904.04,146.9,183.62,345.6,-57.51,-11.96,357.56,-55.59
382,74.0,-2.5,10.39,51.3,123.21,-662.5,0.0,-487.99,-10.03,-12.54,1519.63,1899.53,146.24,182.8,345.6,-36.28,-7.55,353.15,-35.51
383,68.0,-0.42,10.41,51.3,104.04,-110.42,0.0,44.92,0.85,1.06,1518.35,1897.94,145.84,182.3,345.6,3.07,0.64,344.96,3.07
384,71.0,2.92,10.43,51.3,113.42,772.92,0.0,937.64,18.49,23.12,1521.04,1901.3,145.83,182.28,345.6,66.88,13.91,331.69,69.69
385,89.0,5.0,10.45,51.3,178.22,1325.0,0.0,1554.52,38.43,48.04,1528.94,1911.18,146.27,182.84,345.6,139.0,28.91,316.69,151.69
386,107.0,5.42,10.48,51.3,257.6,1435.42,0.0,1744.32,51.85,64.81,1541.48,1926.85,147.09,183.86,345.6,187.52,39.0,306.6,211.37
387,128.0,5.42,10.51,51.3,368.64,1435.42,0.0,1855.36,65.97,82.46,1557.85,1947.31,148.19,185.24,345.6,238.6,49.63,295.97,278.61
388,146.0,4.86,10.55,51.3,479.61,1288.19,0.0,1819.1,73.77,92.22,1577.25,1971.57,149.49,186.87,345.6,266.84,55.5,290.1,317.89
389,163.0,4.03,10.59,51.3,597.8,1067.36,0.0,1716.46,77.72,97.15,1598.29,1997.87,150.88,188.59,345.6,281.1,58.47,287.13,338.34
390,175.0,3.33,10.64,51.3,689.06,883.33,0.0,1623.7,78.93,98.66,1620.05,2025.06,152.25,190.32,345.6,285.48,59.38,286.22,344.71
391,187.0,2.92,10.69,51.3,786.8,772.92,0.0,1611.02,83.68,104.6,1642.64,2053.3,153.65,192.06,345.6,302.67,62.96,282.64,370.09
392,196.0,2.5,10.74,51.3,864.36,662.5,0.0,1578.16,85.92,107.4,1666.19,2082.74,155.08,193.85,345.6,310.77,64.64,280.96,382.27
393,205.0,2.36,10.8,51.3,945.56,625.69,0.0,1622.56,92.4,115.49,1690.96,2113.7,156.58,195.72,345.6,334.19,69.51,276.09,418.32
394,213.0,1.81,10.86,51.3,1020.8,478.47,0.0,1550.57,91.74,114.68,1716.53,2145.67,158.09,197.62,345.6,331.82,69.02,276.58,414.63
395,218.0,1.67,10.92,51.3,1069.29,441.67,0.0,1562.26,94.6,118.25,1742.42,2178.02,159.6,199.5,345.6,342.17,71.17,274.43,430.91
396,225.0,1.53,10.98,51.3,1139.06,404.86,0.0,1595.22,99.7,124.63,1769.4,2211.75,161.16,201.45,345.6,360.61,75.01,270.59,460.57
397,229.0,-1.67,11.04,51.3,1179.92,-441.67,0.0,789.56,50.22,62.78,1790.23,2237.78,162.13,202.66,345.6,181.66,37.78,307.82,203.96
398,213.0,-6.67,11.1,51.3,1020.8,-1766.67,0.0,-694.56,-41.1,-51.37,1791.49,2239.37,161.35,201.68,345.6,-148.64,-30.92,376.52,-136.43
399,181.0,-8.47,11.16,51.3,737.12,-2245.14,0.0,-1456.72,-73.24,-91.55,1775.61,2219.52,159.13,198.91,345.6,-264.9,-55.1,400.7,-228.48
400,152.0,-7.92,11.2,51.3,519.84,-2097.92,0.0,-1526.78,-64.46,-80.58,1756.49,2195.61,156.77,195.96,345.6,-233.16,-48.5,394.1,-204.47
401,124.0,-6.94,11.24,51.3,345.96,-1840.28,0.0,-1443.02,-49.7,-62.13,1740.63,2175.79,154.82,193.53,345.6,-179.77,-37.39,382.99,-162.22
402,102.0,-5.56,11.27,51.3,234.09,-1472.22,0.0,-1186.83,-33.63,-42.03,1729.06,2161.32,153.36,191.71,345.6,-121.63,-25.3,370.9,-113.33
403,84.0,-4.72,11.3,51.3,158.76,-1251.39,0.0,-1041.33,-24.3,-30.37,1721.01,2151.27,152.3,190.38,345.6,-87.88,-18.28,363.88,-83.47
404,68.0,-3.61,11.32,51.3,104.04,-956.94,0.0,-801.6,-15.14,-18.93,1715.53,2144.42,151.53,189.42,345.6,-54.76,-11.39,356.99,-53.02
405,58.0,-0.83,11.34,51.3,75.69,-220.83,0.0,-93.84,-1.51,-1.89,1713.22,2141.53,151.1,188.87,345.6,-5.47,-1.14,346.74,-5.45
406,62.0,1.11,11.36,51.3,86.49,294.44,0.0,432.23,7.44,9.31,1714.05,2142.56,150.95,188.68,345.6,26.92,5.6,340.0,27.37
407,66.0,2.5,11.37,51.3,98.01,662.5,0.0,811.81,14.88,18.6,1717.15,2146.43,150.98,188.73,345.6,53.83,11.2,334.4,55.63
408,80.0,5.14,11.39,51.3,144.0,1361.81,0.0,1557.11,34.6,43.25,1724.02,2155.02,151.32,189.15,345.6,125.15,26.03,319.57,135.35
409,103.0,6.11,11.42,51.3,238.7,1619.44,0.0,1909.45,54.63,68.29,1736.41,2170.52,152.07,190.08,345.6,197.6,41.1,304.5,224.27
410,124.0,5.56,11.45,51.3,345.96,1472.22,0.0,1869.48,64.39,80.49,1752.94,2191.18,153.09,191.36,345.6,232.9,48.44,297.16,270.87
411,143.0,4.86,11.49,51.3,460.1,1288.19,0.0,1799.6,71.48,89.35,1771.82,2214.77,154.24,192.8,345.6,258.55,53.78,291.82,306.2
412,159.0,4.17,11.53,51.3,568.82,1104.17,0.0,1724.29,76.16,95.2,1792.32,2240.4,155.46,194.32,345.6,275.45,57.29,288.31,330.19
413,173.0,3.47,11.58,51.3,673.4,920.14,0.0,1644.84,79.04,98.8,1813.88,2267.35,156.7,195.88,345.6,285.89,59.47,286.13,345.31
414,184.0,2.92,11.62,51.3,761.76,772.92,0.0,1585.98,81.06,101.33,1836.11,2295.14,157.95,197.43,345.6,293.19,60.98,284.62,356.01
415,194.0,2.5,11.68,51.3,846.81,662.5,0.0,1560.61,84.1,105.12,1859.05,2323.82,159.2,199.0,345.6,304.18,63.27,282.33,372.35
416,202.0,2.08,11.73,51.3,918.09,552.08,0.0,1521.47,85.37,106.71,1882.59,2353.24,160.46,200.57,345.6,308.78,64.23,281.37,379.26
417,209.0,1.94,11.79,51.3,982.82,515.28,0.0,1549.4,89.95,112.44,1906.94,2383.68,161.75,202.18,345.6,325.34,67.67,277.93,404.56
418,216.0,1.39,11.85,51.3,1049.76,368.06,0.0,1469.12,88.15,110.18,1931.68,2414.6,163.03,203.79,345.6,318.82,66.31,279.29,394.52
419,219.0,1.25,11.91,51.3,1079.12,331.25,0.0,1461.67,88.92,111.15,1956.27,2445.34,164.27,205.33,345.6,321.61,66.89,278.71,398.8
420,225.0,0.42,11.97,51.3,1139.06,110.42,0.0,1300.78,81.3,101.62,1979.91,2474.89,165.4,206.75,345.6,294.05,61.16,284.44,357.28
421,222.0,-3.19,12.03,51.3,1108.89,-846.53,0.0,313.66,19.34,24.18,1993.89,2492.36,165.7,207.13,345.6,69.96,14.55,331.05,73.04
422,202.0,-5.56,12.09,51.3,918.09,-1472.22,0.0,-502.83,-28.21,-35.27,1992.66,2490.82,164.8,205.99,345.6,-102.05,-21.23,366.83,-96.14
423,182.0,-6.25,12.14,51.3,745.29,-1656.25,0.0,-859.66,-43.46,-54.33,1982.7,2478.38,163.25,204.07,345.6,-157.19,-32.7,378.3,-143.61
424,157.0,-7.08,12.19,51.3,554.6,-1877.08,0.0,-1271.18,-55.44,-69.3,1968.97,2461.21,161.5,201.87,345.6,-200.51,-41.71,387.31,-178.92
425,131.0,-6.94,12.23,51.3,386.12,-1840.28,0.0,-1402.86,-51.05,-63.81,1954.18,2442.72,159.76,199.7,345.6,-184.64,-38.4,384.0,-166.17
426,107.0,-5.28,12.27,51.3,257.6,-1398.61,0.0,-1089.71,-32.39,-40.49,1942.59,2428.23,158.38,197.98,345.6,-117.15,-24.37,369.97,-109.43
427,93.0,-3.61,12.29,51.3,194.6,-956.94,0.0,-711.04,-18.37,-22.96,1935.54,2419.42,157.45,196.81,345.6,-66.44,-13.82,359.42,-63.88
428,81.0,-3.33,12.32,51.3,147.62,-883.33,0.0,-684.41,-15.4,-19.25,1930.85,2413.56,156.76,195.95,345.6,-55.7,-11.59,357.19,-53.89
429,69.0,-3.06,12.34,51.3,107.12,-809.72,0.0,-651.3,-12.48,-15.6,1926.98,2408.72,156.18,195.23,345.6,-45.15,-9.39,354.99,-43.96
430,59.0,-1.25,12.36,51.3,78.32,-331.25,0.0,-201.63,-3.3,-4.13,1924.78,2405.98,155.78,194.73,345.6,-11.95,-2.49,348.09,-11.87
431,60.0,0.42,12.37,51.3,81.0,110.42,0.0,242.72,4.05,5.06,1924.89,2406.11,155.58,194.48,345.6,14.63,3.04,342.56,14.76
432,62.0,0.56,12.39,51.3,86.49,147.22,0.0,285.01,4.91,6.14,1926.13,2407.66,155.47,194.34,345.6,17.75,3.69,341.91,17.95
433,64.0,1.39,12.41,51.3,92.16,368.06,0.0,511.52,9.09,11.37,1928.07,2410.09,155.41,194.26,345.6,32.89,6.84,338.76,33.55
434,72.0,0.28,12.43,51.3,116.64,73.61,0.0,241.55,4.83,6.04,1930.01,2412.51,155.33,194.16,345.6,17.47,3.63,341.97,17.66
435,66.0,-2.08,12.44,51.3,98.01,-552.08,0.0,-402.77,-7.38,-9.23,1929.65,2412.07,155.06,193.82,345.6,-26.71,-5.56,351.16,-26.29
436,57.0,-1.94,12.46,51.3,73.1,-515.28,0.0,-390.88,-6.19,-7.74,1927.77,2409.71,154.69,193.37,345.6,-22.38,-4.66,350.26,-22.09
437,52.0,0.14,12.48,51.3,60.84,36.81,0.0,148.95,2.15,2.69,1927.21,2409.01,154.46,193.08,345.6,7.78,1.62,343.98,7.82
438,58.0,3.19,12.49,51.3,75.69,846.53,0.0,973.52,15.68,19.61,1929.68,2412.11,154.47,193.09,345.6,56.73,11.8,333.8,58.73
439,75.0,5.42,12.51,51.3,126.56,1435.42,0.0,1613.28,33.61,42.01,1936.53,2420.66,154.79,193.49,345.6,121.56,25.29,320.31,131.16
440,97.0,5.42,12.53,51.3,211.7,1435.42,0.0,1698.42,45.76,57.2,1947.55,2434.44,155.37,194.22,345.6,165.52,34.43,311.17,183.83
441,114.0,4.03,12.56,51.3,292.41,1067.36,0.0,1411.07,44.68,55.85,1960.12,2450.15,156.01,195.01,345.6,161.62,33.62,311.98,179.03
442,126.0,3.47,12.6,51.3,357.21,920.14,0.0,1328.65,46.5,58.13,1972.78,2465.98,156.6,195.76,345.6,168.2,34.98,310.62,187.14
443,139.0,2.5,12.63,51.3,434.72,662.5,0.0,1148.52,44.35,55.43,1985.4,2481.75,157.15,196.43,345.6,160.39,33.36,312.24,177.53
444,144.0,0.69,12.67,51.3,466.56,184.03,0.0,701.89,28.08,35.09,1995.46,2494.32,157.45,196.82,345.6,101.55,21.12,324.48,108.16
445,144.0,0.14,12.71,51.3,466.56,36.81,0.0,554.67,22.19,27.73,2002.44,2503.05,157.51,196.88,345.6,80.25,16.69,328.91,84.32
446,145.0,0.97,12.75,51.3,473.06,257.64,0.0,782.0,31.5,39.37,2009.9,2512.37,157.6,196.99,345.6,113.92,23.7,321.9,122.31
447,151.0,2.22,12.79,51.3,513.02,588.89,0.0,1153.21,48.37,60.46,2020.99,2526.23,157.96,197.45,345.6,174.95,36.39,309.21,195.54
448,161.0,3.06,12.84,51.3,583.22,809.72,0.0,1444.24,64.59,80.74,2036.68,2545.85,158.65,198.31,345.6,233.61,48.59,297.01,271.84
449,173.0,2.92,12.88,51.3,673.4,772.92,0.0,1497.62,71.97,89.96,2055.64,2569.55,159.55,199.43,345.6,260.3,54.14,291.46,308.66
450,182.0,2.36,12.93,51.3,745.29,625.69,0.0,1422.28,71.9,89.88,2075.63,2594.53,160.48,200.6,345.6,260.07,54.09,291.51,308.33
451,190.0,1.67,12.99,51.3,812.25,441.67,0.0,1305.22,68.89,86.11,2095.18,2618.97,161.35,201.69,345.6,249.16,51.82,293.78,293.11
452,194.0,-1.53,13.04,51.3,846.81,-404.86,0.0,493.25,26.58,33.23,2108.44,2635.55,161.71,202.13,345.6,96.14,20.0,325.6,102.04
453,179.0,-5.83,13.09,51.3,720.92,-1545.83,0.0,-773.61,-38.47,-48.08,2106.79,2633.49,160.94,201.18,345.6,-139.13,-28.94,374.54,-128.38
454,152.0,-7.36,13.14,51.3,519.84,-1950.69,0.0,-1379.55,-58.25,-72.81,2093.36,2616.7,159.36,199.19,345.6,-210.68,-43.82,389.42,-186.97
455,126.0,-7.08,13.17,51.3,357.21,-1877.08,0.0,-1468.57,-51.4,-64.25,2078.13,2597.66,157.73,197.17,345.6,-185.91,-38.67,384.27,-167.2
456,101.0,-6.25,13.21,51.3,229.52,-1656.25,0.0,-1375.43,-38.59,-48.24,2065.63,2582.04,156.41,195.51,345.6,-139.57,-29.03,374.63,-128.75
457,81.0,-4.44,13.23,51.3,147.62,-1177.78,0.0,-978.86,-22.02,-27.53,2057.21,2571.51,155.47,194.34,345.6,-79.66,-16.57,362.17,-76.02
458,69.0,-2.5,13.25,51.3,107.12,-662.5,0.0,-504.08,-9.66,-12.08,2052.81,2566.01,154.9,193.62,345.6,-34.94,-7.27,352.87,-34.22
459,63.0,0.0,13.27,51.3,89.3,0.0,0.0,140.6,2.46,3.08,2051.81,2564.76,154.61,193.26,345.6,8.9,1.85,343.75,8.95
460,69.0,3.33,13.29,51.3,107.12,883.33,0.0,1041.76,19.97,24.96,2054.92,2568.66,154.63,193.29,345.6,72.22,15.02,330.58,75.5
461,87.0,5.56,13.31,51.3,170.3,1472.22,0.0,1693.82,40.93,51.17,2063.38,2579.23,155.01,193.77,345.6,148.05,30.8,314.8,162.54
462,109.0,5.83,13.34,51.3,267.32,1545.83,0.0,1864.46,56.45,70.56,2076.91,2596.14,155.71,194.64,345.6,204.18,42.47,303.13,232.79
463,129.0,4.44,13.37,51.3,374.42,1177.78,0.0,1603.5,57.46,71.82,2092.73,2615.91,156.51,195.64,345.6,207.82,43.23,302.37,237.53
464,141.0,0.28,13.41,51.3,447.32,73.61,0.0,572.23,22.41,28.02,2103.82,2629.78,156.9,196.12,345.6,81.06,16.86,328.74,85.22
465,131.0,-2.22,13.45,51.3,386.12,-588.89,0.0,-151.47,-5.51,-6.89,2106.17,2632.71,156.63,195.79,345.6,-19.94,-4.15,349.75,-19.7
466,125.0,-1.25,13.48,51.3,351.56,-331.25,0.0,71.61,2.49,3.11,2105.75,2632.19,156.19,195.24,345.6,8.99,1.87,343.73,9.04
467,122.0,-0.56,13.52,51.3,334.89,-147.22,0.0,238.97,8.1,10.12,2107.22,2634.03,155.9,194.88,345.6,29.29,6.09,339.51,29.82
468,121.0,-0.42,13.55,51.3,329.42,-110.42,0.0,270.31,9.09,11.36,2109.61,2637.01,155.69,194.61,345.6,32.86,6.83,338.77,33.52
469,119.0,0.28,13.58,51.3,318.62,73.61,0.0,443.53,14.66,18.33,2112.9,2641.13,155.55,194.44,345.6,53.03,11.03,334.57,54.78
470,123.0,0.42,13.62,51.3,340.4,110.42,0.0,502.12,17.16,21.44,2117.32,2646.65,155.49,194.36,345.6,62.05,12.91,332.69,64.46
471,122.0,0.14,13.65,51.3,334.89,36.81,0.0,423.0,14.33,17.92,2121.7,2652.12,155.42,194.28,345.6,51.85,10.78,334.82,53.52
472,124.0,1.25,13.69,51.3,345.96,331.25,0.0,728.51,25.09,31.37,2127.17,2658.97,155.44,194.29,345.6,90.76,18.88,326.72,96.0
473,131.0,0.56,13.72,51.3,386.12,147.22,0.0,584.64,21.27,26.59,2133.61,2667.02,155.5,194.38,345.6,76.95,16.01,329.59,80.68
474,128.0,-1.94,13.76,51.3,368.64,-515.28,0.0,-95.34,-3.39,-4.24,2136.1,2670.12,155.28,194.1,345.6,-12.26,-2.55,348.15,-12.17
475,117.0,-2.64,13.79,51.3,308.0,-699.31,0.0,-340.0,-11.05,-13.81,2134.09,2667.62,154.75,193.44,345.6,-39.97,-8.31,353.91,-39.03
476,109.0,-0.69,13.82,51.3,267.32,-184.03,0.0,134.59,4.08,5.09,2133.12,2666.4,154.33,192.91,345.6,14.74,3.07,342.53,14.87
477,112.0,1.53,13.85,51.3,282.24,404.86,0.0,738.4,22.97,28.72,2136.88,2671.1,154.26,192.82,345.6,83.09,17.28,328.32,87.46
478,120.0,2.78,13.88,51.3,324.0,736.11,0.0,1111.41,37.05,46.31,2145.22,2681.52,154.5,193.12,345.6,134.0,27.87,317.73,145.75
479,132.0,3.47,13.92,51.3,392.04,920.14,0.0,1363.48,49.99,62.49,2157.31,2696.63,154.98,193.72,345.6,180.82,37.61,307.99,202.91
480,145.0,3.61,13.96,51.3,473.06,956.94,0.0,1481.31,59.66,74.58,2172.54,2715.67,155.64,194.55,345.6,215.8,44.89,300.71,248.01
481,158.0,3.47,14.0,51.3,561.69,920.14,0.0,1533.13,67.29,84.11,2190.17,2737.71,156.43,195.54,345.6,243.37,50.62,294.98,285.14
482,170.0,0.28,14.05,51.3,650.25,73.61,0.0,775.16,36.6,45.76,2204.6,2755.75,156.95,196.19,345.6,132.4,27.54,318.06,143.86
483,160.0,-4.03,14.09,51.3,576.0,-1067.36,0.0,-440.06,-19.56,-24.45,2206.96,2758.71,156.61,195.76,345.6,-70.74,-14.71,360.31,-67.85
484,141.0,-5.14,14.13,51.3,447.32,-1361.81,0.0,-863.18,-33.81,-42.26,2199.55,2749.44,155.62,194.53,345.6,-122.28,-25.43,371.03,-113.9
485,123.0,-4.31,14.17,51.3,340.4,-1140.97,0.0,-749.27,-25.6,-32.0,2191.3,2739.13,154.64,193.3,345.6,-92.59,-19.26,364.86,-87.71
486,110.0,-2.5,14.2,51.3,272.25,-662.5,0.0,-338.95,-10.36,-12.95,2186.31,2732.88,153.94,192.42,345.6,-37.46,-7.79,353.39,-36.63
487,105.0,0.28,14.23,51.3,248.06,73.61,0.0,372.97,10.88,13.6,2186.38,2732.97,153.62,192.02,345.6,39.35,8.18,337.42,40.3
488,112.0,1.53,14.26,51.3,282.24,404.86,0.0,738.4,22.97,28.72,2191.08,2738.85,153.62,192.03,345.6,83.09,17.28,328.32,87.46
489,116.0,-0.14,14.29,51.3,302.76,-36.81,0.0,317.25,10.22,12.78,2195.69,2744.61,153.6,192.01,345.6,36.97,7.69,337.91,37.82
490,111.0,0.56,14.33,51.3,277.22,147.22,0.0,475.74,14.67,18.34,2199.15,2748.94,153.51,191.88,345.6,53.06,11.04,334.56,54.81
491,120.0,3.61,14.36,51.3,324.0,956.94,0.0,1332.24,44.41,55.51,2207.35,2759.19,153.74,192.17,345.6,160.62,33.41,312.19,177.81
492,137.0,4.58,14.39,51.3,422.3,1214.58,0.0,1688.19,64.24,80.31,2222.44,2778.06,154.4,193.0,345.6,232.37,48.33,297.27,270.15
493,153.0,4.17,14.43,51.3,526.7,1104.17,0.0,1682.17,71.49,89.37,2241.3,2801.62,155.28,194.1,345.6,258.58,53.78,291.82,306.24
494,167.0,3.47,14.48,51.3,627.5,920.14,0.0,1598.94,74.17,92.72,2261.53,2826.91,156.2,195.25,345.6,268.28,55.8,289.8,319.93
495,178.0,2.36,14.53,51.3,712.89,625.69,0.0,1389.88,68.72,85.9,2281.38,2851.72,157.05,196.31,345.6,248.56,51.7,293.9,292.29
496,184.0,-1.94,14.58,51.3,761.76,-515.28,0.0,297.78,15.22,19.02,2293.03,2866.29,157.31,196.64,345.6,55.05,11.45,334.15,56.94
497,164.0,-6.67,14.62,51.3,605.16,-1766.67,0.0,-1110.21,-50.58,-63.22,2288.12,2860.15,156.45,195.57,345.6,-182.93,-38.05,383.65,-164.79
498,136.0,-6.94,14.67,51.3,416.16,-1840.28,0.0,-1372.82,-51.86,-64.83,2273.9,2842.37,155.04,193.8,345.6,-187.58,-39.02,384.62,-168.55
499,114.0,-5.42,14.7,51.3,292.41,-1435.42,0.0,-1091.71,-34.57,-43.21,2261.89,2827.36,153.86,192.32,345.6,-125.04,-26.01,371.61,-116.29
500,97.0,-4.31,14.73,51.3,211.7,-1140.97,0.0,-877.97,-23.66,-29.57,2253.8,2817.25,153.0,191.25,345.6,-85.56,-17.8,363.4,-81.37
501,83.0,-3.61,14.76,51.3,155.0,-956.94,0.0,-750.64,-17.31,-21.63,2248.11,2810.14,152.36,190.44,345.6,-62.6,-13.02,358.62,-60.32
502,71.0,-3.47,14.78,51.3,113.42,-920.14,0.0,-755.42,-14.9,-18.62,2243.64,2804.55,151.83,189.79,345.6,-53.89,-11.21,356.81,-52.19
503,58.0,-2.78,14.79,51.3,75.69,-736.11,0.0,-609.12,-9.81,-12.27,2240.21,2800.26,151.42,189.27,345.6,-35.49,-7.38,352.98,-34.75
504,51.0,0.42,14.81,51.3,58.52,110.42,0.0,220.24,3.12,3.9,2239.28,2799.1,151.2,189.0,345.6,11.28,2.35,343.25,11.36
505,61.0,4.03,14.83,51.3,83.72,1067.36,0.0,1202.38,20.37,25.47,2242.54,2803.18,151.26,189.08,345.6,73.69,15.33,330.27,77.11
506,80.0,5.42,14.85,51.3,144.0,1435.42,0.0,1630.72,36.24,45.3,2250.41,2813.01,151.59,189.49,345.6,131.07,27.26,318.34,142.29
507,100.0,4.58,14.87,51.3,225.0,1214.58,0.0,1490.88,41.41,51.77,2261.19,2826.49,152.06,190.08,345.6,149.79,31.16,314.44,164.63
508,113.0,2.36,14.9,51.3,287.3,625.69,0.0,964.3,30.27,37.84,2271.15,2838.93,152.43,190.53,345.6,109.48,22.77,322.83,117.2
509,117.0,0.83,14.93,51.3,308.0,220.83,0.0,580.14,18.85,23.57,2277.97,2847.46,152.56,190.7,345.6,68.19,14.18,331.42,71.11
510,119.0,1.94,14.96,51.3,318.62,515.28,0.0,885.2,29.26,36.58,2284.65,2855.81,152.67,190.84,345.6,105.83,22.01,323.59,113.03
511,131.0,2.22,15.0,51.3,386.12,588.89,0.0,1026.31,37.35,46.68,2293.9,2867.38,152.93,191.17,345.6,135.08,28.1,317.5,147.03
512,135.0,-1.39,15.04,51.3,410.06,-368.06,0.0,93.31,3.5,4.37,2299.58,2874.47,152.94,191.17,345.6,12.66,2.63,342.97,12.75
513,121.0,-3.89,15.07,51.3,329.42,-1030.56,0.0,-649.83,-21.84,-27.3,2297.03,2871.28,152.41,190.51,345.6,-79.0,-16.43,362.03,-75.41
514,107.0,-3.61,15.1,51.3,257.6,-956.94,0.0,-648.04,-19.26,-24.08,2291.32,2864.15,151.71,189.64,345.6,-69.67,-14.49,360.09,-66.86
515,95.0,-2.36,15.13,51.3,203.06,-625.69,0.0,-371.33,-9.8,-12.25,2287.28,2859.1,151.16,188.95,345.6,-35.44,-7.37,352.97,-34.7
516,90.0,0.56,15.16,51.3,182.25,147.22,0.0,380.77,9.52,11.9,2287.24,2859.06,150.9,188.63,345.6,34.43,7.16,338.44,35.16
517,99.0,3.61,15.18,51.3,220.52,956.94,0.0,1228.77,33.79,42.24,2293.26,2866.57,151.04,188.8,345.6,122.22,25.42,320.18,131.92
518,116.0,4.72,15.21,51.3,302.76,1251.39,0.0,1605.45,51.73,64.66,2305.14,2881.42,151.52,189.4,345.6,187.11,38.92,306.68,210.85
519,133.0,4.58,15.25,51.3,398.0,1214.58,0.0,1663.89,61.47,76.84,2320.86,2901.08,152.21,190.26,345.6,222.34,46.25,299.35,256.68
520,149.0,3.47,15.29,51.3,499.52,920.14,0.0,1470.96,60.88,76.1,2337.85,2922.32,152.93,191.16,345.6,220.2,45.8,299.8,253.84
521,158.0,0.0,15.33,51.3,561.69,0.0,0.0,612.99,26.9,33.63,2350.05,2937.56,153.3,191.62,345.6,97.31,20.24,325.36,103.36
522,149.0,-2.92,15.37,51.3,499.52,-772.92,0.0,-222.09,-9.19,-11.49,2352.51,2940.63,153.03,191.29,345.6,-33.25,-6.92,352.52,-32.6
523,137.0,-3.19,15.41,51.3,422.3,-846.53,0.0,-372.93,-14.19,-17.74,2349.26,2936.57,152.43,190.54,345.6,-51.33,-10.68,356.28,-49.79
524,126.0,-2.5,15.45,51.3,357.21,-662.5,0.0,-253.99,-8.89,-11.11,2346.05,2932.57,151.86,189.83,345.6,-32.15,-6.69,352.29,-31.54
525,119.0,-0.28,15.48,51.3,318.62,-73.61,0.0,296.31,9.79,12.24,2346.18,2932.72,151.54,189.42,345.6,35.43,7.37,338.23,36.2
526,124.0,2.36,15.52,51.3,345.96,625.69,0.0,1022.95,35.24,44.04,2352.43,2940.54,151.61,189.51,345.6,127.44,26.51,319.09,138.03
527,136.0,2.36,15.55,51.3,416.16,625.69,0.0,1093.15,41.3,51.62,2363.06,2953.83,151.94,189.93,345.6,149.37,31.07,314.53,164.12
528,141.0,0.42,15.59,51.3,447.32,110.42,0.0,609.04,23.85,29.82,2372.11,2965.14,152.15,190.18,345.6,86.28,17.95,327.65,91.0
529,139.0,-1.94,15.63,51.3,434.72,-515.28,0.0,-29.26,-1.13,-1.41,2375.27,2969.08,151.97,189.96,345.6,-4.09,-0.85,346.45,-4.08
530,127.0,-3.06,15.67,51.3,362.9,-809.72,0.0,-395.52,-13.95,-17.44,2373.17,2966.46,151.48,189.35,345.6,-50.47,-10.5,356.1,-48.98
531,117.0,-3.06,15.7,51.3,308.0,-809.72,0.0,-450.42,-14.64,-18.3,2369.2,2961.5,150.9,188.62,345.6,-52.95,-11.01,356.61,-51.31
532,105.0,-3.19,15.73,51.3,248.06,-846.53,0.0,-547.17,-15.96,-19.95,2364.95,2956.19,150.33,187.91,345.6,-57.72,-12.01,357.61,-55.78
533,94.0,-3.06,15.76,51.3,198.81,-809.72,0.0,-559.61,-14.61,-18.27,2360.71,2950.88,149.8,187.25,345.6,-52.85,-10.99,356.59,-51.22
534,83.0,-3.06,15.78,51.3,155.0,-809.72,0.0,-603.42,-13.91,-17.39,2356.74,2945.93,149.31,186.64,345.6,-50.32,-10.47,356.07,-48.84
535,72.0,-2.36,15.81,51.3,116.64,-625.69,0.0,-457.75,-9.16,-11.44,2353.54,2941.92,148.91,186.14,345.6,-33.11,-6.89,352.49,-32.47
536,66.0,-0.83,15.82,51.3,98.01,-220.83,0.0,-71.52,-1.31,-1.64,2352.09,2940.11,148.64,185.8,345.6,-4.74,-0.99,346.59,-4.73
537,66.0,1.11,15.84,51.3,98.01,294.44,0.0,443.75,8.14,10.17,2353.03,2941.29,148.52,185.66,345.6,29.43,6.12,339.48,29.96
538,74.0,3.47,15.86,51.3,123.21,920.14,0.0,1094.65,22.5,28.13,2357.29,2946.61,148.61,185.76,345.6,81.38,16.93,328.67,85.58
539,91.0,5.56,15.89,51.3,186.32,1472.22,0.0,1709.84,43.22,54.03,2366.42,2958.02,148.97,186.21,345.6,156.33,32.52,313.08,172.56
540,114.0,6.25,15.91,51.3,292.41,1656.25,0.0,1999.96,63.33,79.17,2381.22,2976.52,149.63,187.04,345.6,229.07,47.65,297.95,265.7
541,136.0,5.28,15.95,51.3,416.16,1398.61,0.0,1866.07,70.5,88.12,2399.8,2999.75,150.47,188.09,345.6,254.98,53.04,292.56,301.2
542,152.0,4.31,15.99,51.3,519.84,1140.97,0.0,1712.11,72.29,90.36,2419.63,3024.54,151.34,189.17,345.6,261.46,54.38,291.22,310.29
543,167.0,3.61,16.03,51.3,627.5,956.94,0.0,1635.75,75.88,94.85,2440.21,3050.27,152.2,190.25,345.6,274.45,57.09,288.51,328.76
544,178.0,3.06,16.08,51.3,712.89,809.72,0.0,1573.91,77.82,97.28,2461.56,3076.95,153.08,191.35,345.6,281.47,58.55,287.05,338.88
545,189.0,2.92,16.13,51.3,803.72,772.92,0.0,1627.94,85.47,106.83,2484.24,3105.3,154.0,192.5,345.6,309.12,64.3,281.3,379.78
546,199.0,2.5,16.19,51.3,891.02,662.5,0.0,1604.82,88.71,110.89,2508.43,3135.54,154.98,193.73,345.6,320.86,66.74,278.86,397.65
547,207.0,2.08,16.24,51.3,964.1,552.08,0.0,1567.49,90.13,112.66,2533.27,3166.59,155.97,194.97,345.6,325.99,67.81,277.79,405.56
548,214.0,1.81,16.3,51.3,1030.41,478.47,0.0,1560.18,92.74,115.93,2558.67,3198.34,156.97,196.21,345.6,335.45,69.77,275.83,420.3
549,220.0,1.39,16.36,51.3,1089.0,368.06,0.0,1508.36,92.18,115.22,2584.35,3230.44,157.96,197.45,345.6,333.4,69.35,276.25,417.09
550,224.0,-0.42,16.42,51.3,1128.96,-110.42,0.0,1069.84,66.57,83.21,2606.4,3258.0,158.71,198.39,345.6,240.77,50.08,295.52,281.57
551,217.0,-4.31,16.48,51.3,1059.5,-1140.97,0.0,-30.17,-1.82,-2.27,2615.39,3269.24,158.67,198.33,345.6,-6.58,-1.37,346.97,-6.55
552,193.0,-7.5,16.54,51.3,838.1,-1987.5,0.0,-1098.1,-58.87,-73.59,2606.97,3258.71,157.61,197.01,345.6,-212.93,-44.29,389.89,-188.74
553,163.0,-8.06,16.59,51.3,597.8,-2134.72,0.0,-1485.62,-67.27,-84.08,2589.45,3236.81,156.09,195.11,345.6,-243.29,-50.6,396.2,-212.22
554,135.0,-6.94,16.63,51.3,410.06,-1840.28,0.0,-1378.92,-51.71,-64.64,2572.92,3216.15,154.7,193.38,345.6,-187.03,-38.9,384.5,-168.1
555,113.0,-5.42,16.67,51.3,287.3,-1435.42,0.0,-1096.81,-34.43,-43.03,2560.96,3201.2,153.67,192.08,345.6,-124.52,-25.9,371.5,-115.84
556,96.0,-5.0,16.69,51.3,207.36,-1325.0,0.0,-1066.34,-28.44,-35.54,2552.23,3190.28,152.88,191.1,345.6,-102.85,-21.39,366.99,-96.85
557,77.0,-5.14,16.72,51.3,133.4,-1361.81,0.0,-1177.1,-25.18,-31.47,2544.78,3180.98,152.21,190.26,345.6,-91.06,-18.94,364.54,-86.33
558,59.0,-3.47,16.74,51.3,78.32,-920.14,0.0,-790.52,-12.96,-16.19,2539.48,3174.36,151.72,189.65,345.6,-46.86,-9.75,355.35,-45.57
559,52.0,-0.14,16.75,51.3,60.84,-36.81,0.0,75.33,1.09,1.36,2537.84,3172.3,151.49,189.36,345.6,3.94,0.82,344.78,3.95
560,58.0,-0.14,16.77,51.3,75.69,-36.81,0.0,90.18,1.45,1.82,2538.19,3172.74,151.37,189.21,345.6,5.26,1.09,344.51,5.27
561,51.0,-0.56,16.78,51.3,58.52,-147.22,0.0,-37.4,-0.53,-0.66,2538.32,3172.9,151.24,189.05,345.6,-1.92,-0.4,346.0,-1.91
562,54.0,2.5,16.8,51.3,65.61,662.5,0.0,779.41,11.69,14.61,2539.87,3174.84,151.2,189.0,345.6,42.29,8.8,336.8,43.39
563,69.0,4.31,16.82,51.3,107.12,1140.97,0.0,1299.39,24.91,31.13,2544.95,3181.19,151.35,189.19,345.6,90.08,18.74,326.86,95.24
564,85.0,4.44,16.84,51.3,162.56,1177.78,0.0,1391.64,32.86,41.07,2552.97,3191.22,151.63,189.54,345.6,118.84,24.72,320.88,128.0
565,101.0,4.72,16.86,51.3,229.52,1251.39,0.0,1532.21,42.99,53.73,2563.51,3204.38,152.03,190.03,345.6,155.48,32.34,313.26,171.53
566,119.0,4.72,16.89,51.3,318.62,1251.39,0.0,1621.31,53.59,66.99,2576.92,3221.15,152.54,190.68,345.6,193.84,40.32,305.28,219.44
567,135.0,4.44,16.93,51.3,410.06,1177.78,0.0,1639.14,61.47,76.83,2592.9,3241.13,153.17,191.46,345.6,222.32,46.24,299.36,256.67
568,151.0,4.31,16.97,51.3,513.02,1140.97,0.0,1705.29,71.53,89.41,2611.37,3264.22,153.9,192.38,345.6,258.71,53.81,291.79,306.42
569,166.0,3.75,17.01,51.3,620.01,993.75,0.0,1665.06,76.78,95.97,2631.97,3289.96,154.71,193.39,345.6,277.7,57.76,287.84,333.42
570,178.0,3.19,17.06,51.3,712.89,846.53,0.0,1610.72,79.64,99.55,2653.7,3317.12,155.55,194.44,345.6,288.05,59.92,285.68,348.47
571,189.0,2.64,17.11,51.3,803.72,699.31,0.0,1554.33,81.6,102.0,2676.09,3345.11,156.4,195.5,345.6,295.15,61.39,284.21,358.9
572,197.0,2.08,17.16,51.3,873.2,552.08,0.0,1476.59,80.8,101.0,2698.65,3373.31,157.22,196.53,345.6,292.25,60.79,284.81,354.63
573,204.0,1.81,17.22,51.3,936.36,478.47,0.0,1466.13,83.08,103.85,2721.41,3401.76,158.04,197.55,345.6,300.49,62.5,283.1,366.84
574,210.0,1.67,17.28,51.3,992.25,441.67,0.0,1485.22,86.64,108.3,2744.98,3431.23,158.88,198.6,345.6,313.36,65.18,280.42,386.19
575,216.0,1.39,17.34,51.3,1049.76,368.06,0.0,1469.12,88.15,110.18,2769.26,3461.57,159.73,199.67,345.6,318.82,66.31,279.29,394.52
576,220.0,0.42,17.4,51.3,1089.0,110.42,0.0,1250.72,76.43,95.54,2792.12,3490.14,160.49,200.62,345.6,276.45,57.5,288.1,331.63
577,219.0,-2.92,17.46,51.3,1079.12,-772.92,0.0,357.51,21.75,27.19,2805.75,3507.19,160.71,200.89,345.6,78.66,16.36,329.24,82.57
578,199.0,-6.25,17.52,51.3,891.02,-1656.25,0.0,-713.93,-39.46,-49.33,2803.29,3504.11,160.04,200.05,345.6,-142.74,-29.69,375.29,-131.45
579,174.0,-6.67,17.57,51.3,681.21,-1766.67,0.0,-1034.16,-49.98,-62.48,2790.87,3488.58,158.86,198.58,345.6,-180.79,-37.6,383.2,-163.05
580,151.0,-5.83,17.61,51.3,513.02,-1545.83,0.0,-981.51,-41.17,-51.46,2778.21,3472.76,157.73,197.17,345.6,-148.9,-30.97,376.57,-136.66
581,132.0,-5.42,17.65,51.3,392.04,-1435.42,0.0,-992.08,-36.38,-45.47,2767.44,3459.3,156.77,195.97,345.6,-131.57,-27.37,372.97,-121.91
582,112.0,-5.28,17.69,51.3,282.24,-1398.61,0.0,-1065.07,-33.14,-41.42,2757.78,3447.23,155.93,194.91,345.6,-119.85,-24.93,370.53,-111.78
583,94.0,-4.86,17.71,51.3,198.81,-1288.19,0.0,-1038.08,-27.11,-33.88,2749.42,3436.77,155.2,194.0,345.6,-98.04,-20.39,365.99,-92.58
584,77.0,-4.03,17.74,51.3,133.4,-1067.36,0.0,-882.66,-18.88,-23.6,2743.03,3428.79,154.63,193.29,345.6,-68.28,-14.2,359.8,-65.59
585,65.0,-2.78,17.76,51.3,95.06,-736.11,0.0,-589.75,-10.65,-13.31,2738.93,3423.66,154.23,192.79,345.6,-38.51,-8.01,353.61,-37.64
586,57.0,-1.11,17.78,51.3,73.1,-294.44,0.0,-170.04,-2.69,-3.37,2737.08,3421.34,153.98,192.48,345.6,-9.74,-2.03,347.63,-9.68
587,57.0,0.14,17.79,51.3,73.1,36.81,0.0,161.21,2.55,3.19,2737.06,3421.32,153.84,192.3,345.6,9.23,1.92,343.68,9.28
588,58.0,0.83,17.81,51.3,75.69,220.83,0.0,347.82,5.6,7.0,2738.19,3422.74,153.77,192.21,345.6,20.27,4.22,341.38,20.52
589,63.0,2.08,17.82,51.3,89.3,552.08,0.0,692.69,12.12,15.15,2740.65,3425.81,153.76,192.2,345.6,43.84,9.12,336.48,45.03
590,73.0,0.97,17.84,51.3,119.9,257.64,0.0,428.84,8.7,10.87,2743.54,3429.43,153.76,192.2,345.6,31.45,6.54,339.06,32.06
591,70.0,-2.36,17.86,51.3,110.25,-625.69,0.0,-464.14,-9.03,-11.28,2743.5,3429.37,153.59,191.98,345.6,-32.64,-6.79,352.39,-32.01
592,56.0,-2.64,17.88,51.3,70.56,-699.31,0.0,-577.45,-8.98,-11.23,2741.0,3426.24,153.3,191.62,345.6,-32.49,-6.76,352.36,-31.87
593,51.0,0.28,17.9,51.3,58.52,73.61,0.0,183.43,2.6,3.25,2740.11,3425.14,153.12,191.4,345.6,9.4,1.95,343.65,9.45
594,58.0,2.5,17.91,51.3,75.69,662.5,0.0,789.49,12.72,15.9,2742.24,3427.8,153.11,191.39,345.6,46.01,9.57,336.03,47.32
595,69.0,4.58,17.93,51.3,107.12,1214.58,0.0,1373.01,26.32,32.89,2747.66,3434.57,153.26,191.58,345.6,95.18,19.8,325.8,100.97
596,91.0,5.83,17.95,51.3,186.32,1545.83,0.0,1783.46,45.08,56.35,2757.57,3446.97,153.62,192.03,345.6,163.06,33.92,311.68,180.8
597,111.0,4.58,17.98,51.3,277.22,1214.58,0.0,1543.11,47.58,59.47,2770.44,3463.05,154.1,192.63,345.6,172.09,35.79,309.81,191.97
598,124.0,3.47,18.01,51.3,345.96,920.14,0.0,1317.4,45.38,56.72,2783.35,3479.19,154.54,193.17,345.6,164.12,34.14,311.46,182.11
599,136.0,3.19,18.05,51.3,416.16,846.53,0.0,1313.99,49.64,62.05,2796.55,3495.69,154.96,193.7,345.6,179.54,37.34,308.26,201.29
600,147.0,1.81,18.09,51.3,486.2,478.47,0.0,1015.97,41.49,51.86,2809.21,3511.51,155.32,194.15,345.6,150.05,31.21,314.39,164.95
601,149.0,0.83,18.13,51.3,499.52,220.83,0.0,771.66,31.94,39.92,2819.4,3524.26,155.53,194.42,345.6,115.52,24.03,321.57,124.15
602,153.0,1.53,18.17,51.3,526.7,404.86,0.0,982.86,41.77,52.21,2829.64,3537.05,155.74,194.67,345.6,151.08,31.43,314.17,166.2
603,160.0,1.94,18.21,51.3,576.0,515.28,0.0,1142.58,50.78,63.48,2842.5,3553.12,156.07,195.09,345.6,183.67,38.2,307.4,206.5
604,167.0,2.5,18.26,51.3,627.5,662.5,0.0,1341.3,62.22,77.78,2858.19,3572.74,156.54,195.68,345.6,225.05,46.81,298.79,260.31
605,178.0,2.64,18.31,51.3,712.89,699.31,0.0,1463.5,72.36,90.45,2876.88,3596.1,157.15,196.44,345.6,261.72,54.44,291.16,310.66
606,186.0,2.08,18.36,51.3,778.41,552.08,0.0,1381.79,71.39,89.24,2896.85,3621.06,157.81,197.26,345.6,258.22,53.71,291.89,305.73
607,193.0,1.25,18.41,51.3,838.1,331.25,0.0,1220.65,65.44,81.8,2915.85,3644.82,158.39,197.99,345.6,236.69,49.23,296.37,276.01
608,195.0,-2.08,18.46,51.3,855.56,-552.08,0.0,354.78,19.22,24.02,2927.61,3659.52,158.56,198.21,345.6,69.51,14.46,331.14,72.54
609,178.0,-5.69,18.51,51.3,712.89,-1509.03,0.0,-744.84,-36.83,-46.04,2925.17,3656.46,157.99,197.49,345.6,-133.2,-27.71,373.31,-123.32
610,154.0,-7.22,18.56,51.3,533.61,-1913.89,0.0,-1328.98,-56.85,-71.06,2912.16,3640.19,156.9,196.12,345.6,-205.62,-42.77,388.37,-182.98
611,126.0,-8.06,18.6,51.3,357.21,-2134.72,0.0,-1726.21,-60.42,-75.52,2895.87,3619.84,155.69,194.61,345.6,-218.52,-45.45,391.05,-193.12
612,96.0,-7.22,18.63,51.3,207.36,-1913.89,0.0,-1655.23,-44.14,-55.17,2881.35,3601.68,154.65,193.32,345.6,-159.65,-33.21,378.81,-145.65
613,74.0,-4.44,18.65,51.3,123.21,-1177.78,0.0,-1003.27,-20.62,-25.78,2872.35,3590.44,153.98,192.47,345.6,-74.59,-15.51,361.11,-71.39
614,64.0,-0.83,18.67,51.3,92.16,-220.83,0.0,-77.37,-1.38,-1.72,2869.3,3586.62,153.66,192.07,345.6,-4.98,-1.03,346.63,-4.96
615,68.0,2.36,18.69,51.3,104.04,625.69,0.0,781.03,14.75,18.44,2871.15,3588.94,153.6,192.0,345.6,53.36,11.1,334.5,55.13
616,81.0,4.44,18.71,51.3,147.62,1177.78,0.0,1376.7,30.98,38.72,2877.51,3596.88,153.77,192.22,345.6,112.04,23.3,322.3,120.14
617,100.0,5.56,18.74,51.3,225.0,1472.22,0.0,1748.52,48.57,60.71,2888.55,3610.69,154.16,192.7,345.6,175.67,36.54,309.06,196.44
618,121.0,5.42,18.77,51.3,329.42,1435.42,0.0,1816.14,61.04,76.3,2903.78,3629.72,154.72,193.39,345.6,220.78,45.92,299.68,254.62
619,139.0,2.22,18.8,51.3,434.72,588.89,0.0,1074.91,41.5,51.88,2918.02,3647.53,155.18,193.97,345.6,150.11,31.22,314.38,165.02
620,137.0,-1.25,18.84,51.3,422.3,-331.25,0.0,142.35,5.42,6.77,2924.54,3655.67,155.21,194.01,345.6,19.59,4.08,341.52,19.83
621,130.0,-2.08,18.88,51.3,380.25,-552.08,0.0,-120.53,-4.35,-5.44,2924.68,3655.86,154.91,193.64,345.6,-15.74,-3.27,348.87,-15.6
622,122.0,-1.53,18.91,51.3,334.89,-404.86,0.0,-18.67,-0.63,-0.79,2923.99,3654.99,154.59,193.23,345.6,-2.29,-0.48,346.08,-2.29
623,119.0,-0.69,18.95,51.3,318.62,-184.03,0.0,185.89,6.14,7.68,2924.76,3655.95,154.35,192.94,345.6,22.23,4.62,340.98,22.53
624,117.0,-0.28,18.98,51.3,308.0,-73.61,0.0,285.69,9.28,11.61,2926.9,3658.63,154.2,192.75,345.6,33.58,6.99,338.61,34.28
625,117.0,-0.56,19.01,51.3,308.0,-147.22,0.0,212.08,6.89,8.62,2929.15,3661.43,154.05,192.57,345.6,24.93,5.19,340.41,25.31
626,113.0,-0.83,19.05,51.3,287.3,-220.83,0.0,117.77,3.7,4.62,2930.62,3663.27,153.87,192.34,345.6,13.37,2.78,342.82,13.48
627,111.0,-0.42,19.08,51.3,277.22,-110.42,0.0,218.11,6.72,8.41,2932.07,3665.08,153.7,192.12,345.6,24.32,5.06,340.54,24.68
628,110.0,0.28,19.11,51.3,272.25,73.61,0.0,397.16,12.14,15.17,2934.69,3668.36,153.59,191.99,345.6,43.89,9.13,336.47,45.08
629,113.0,0.56,19.14,51.3,287.3,147.22,0.0,485.82,15.25,19.06,2938.49,3673.11,153.54,191.92,345.6,55.16,11.47,334.13,57.05
630,114.0,-1.25,19.17,51.3,292.41,-331.25,0.0,12.46,0.39,0.49,2940.66,3675.83,153.4,191.75,345.6,1.43,0.3,345.3,1.43
631,104.0,-1.25,19.2,51.3,243.36,-331.25,0.0,-36.59,-1.06,-1.32,2940.57,3675.71,153.15,191.44,345.6,-3.82,-0.8,346.4,-3.81
632,105.0,0.28,19.23,51.3,248.06,73.61,0.0,372.97,10.88,13.6,2941.93,3677.42,152.99,191.24,345.6,39.35,8.18,337.42,40.3
633,106.0,-0.14,19.26,51.3,252.81,-36.81,0.0,267.3,7.87,9.84,2944.54,3680.67,152.89,191.12,345.6,28.47,5.92,339.68,28.96
634,104.0,-0.97,19.29,51.3,243.36,-257.64,0.0,37.02,1.07,1.34,2945.78,3682.22,152.73,190.91,345.6,3.87,0.8,344.8,3.88
635,99.0,-0.56,19.32,51.3,220.52,-147.22,0.0,124.6,3.43,4.28,2946.4,3683.0,152.54,190.67,345.6,12.39,2.58,343.02,12.49
636,100.0,1.39,19.34,51.3,225.0,368.06,0.0,644.36,17.9,22.37,2949.37,3686.71,152.47,190.59,345.6,64.74,13.47,332.13,67.36
637,109.0,3.33,19.37,51.3,267.32,883.33,0.0,1201.96,36.39,45.49,2956.91,3696.13,152.63,190.79,345.6,131.63,27.38,318.22,142.95
638,124.0,4.17,19.4,51.3,345.96,1104.17,0.0,1501.43,51.72,64.64,2969.14,3711.43,153.01,191.26,345.6,187.05,38.91,306.69,210.78
639,139.0,2.78,19.44,51.3,434.72,736.11,0.0,1222.13,47.19,58.98,2982.88,3728.6,153.43,191.79,345.6,170.67,35.5,310.1,190.21
640,144.0,-0.97,19.48,51.3,466.56,-257.64,0.0,260.22,10.41,13.01,2990.88,3738.6,153.53,191.91,345.6,37.65,7.83,337.77,38.52
641,132.0,-3.33,19.52,51.3,392.04,-883.33,0.0,-439.99,-16.13,-20.17,2990.08,3737.61,153.19,191.48,345.6,-58.35,-12.14,357.74,-56.37
642,120.0,-3.06,19.55,51.3,324.0,-809.72,0.0,-434.42,-14.48,-18.1,2985.83,3732.29,152.7,190.87,345.6,-52.38,-10.89,356.49,-50.77
643,110.0,-2.92,19.59,51.3,272.25,-772.92,0.0,-449.37,-13.73,-17.16,2981.91,3727.39,152.25,190.31,345.6,-49.66,-10.33,355.93,-48.22
644,99.0,-2.64,19.62,51.3,220.52,-699.31,0.0,-427.48,-11.76,-14.69,2978.37,3722.97,151.84,189.8,345.6,-42.52,-8.84,354.44,-41.46
645,91.0,-0.14,19.64,51.3,186.32,-36.81,0.0,200.82,5.08,6.35,2977.45,3721.81,151.59,189.49,345.6,18.36,3.82,341.78,18.57
646,98.0,1.81,19.67,51.3,216.09,478.47,0.0,745.86,20.3,25.38,2980.97,3726.22,151.57,189.46,345.6,73.44,15.28,330.32,76.83
647,104.0,0.14,19.7,51.3,243.36,36.81,0.0,331.47,9.58,11.97,2985.12,3731.4,151.56,189.45,345.6,34.63,7.2,338.4,35.37
648,99.0,-1.11,19.72,51.3,220.52,-294.44,0.0,-22.62,-0.62,-0.78,2986.37,3732.96,151.41,189.26,345.6,-2.25,-0.47,346.07,-2.25
649,96.0,0.69,19.75,51.3,207.36,184.03,0.0,442.69,11.81,14.76,2987.92,3734.9,151.28,189.1,345.6,42.7,8.88,336.72,43.82
650,104.0,3.61,19.78,51.3,243.36,956.94,0.0,1251.6,36.16,45.2,2994.58,3743.23,151.4,189.25,345.6,130.78,27.2,318.4,141.95
651,122.0,5.0,19.81,51.3,334.89,1325.0,0.0,1711.19,57.99,72.49,3007.66,3759.57,151.82,189.78,345.6,209.75,43.63,301.97,240.05
652,140.0,4.58,19.85,51.3,441.0,1214.58,0.0,1706.88,66.38,82.97,3024.93,3781.16,152.42,190.52,345.6,240.09,49.94,295.66,280.64
653,155.0,3.47,19.89,51.3,540.56,920.14,0.0,1512.0,65.1,81.38,3043.19,3803.99,153.02,191.27,345.6,235.46,48.98,296.62,274.34
654,165.0,2.92,19.93,51.3,612.56,772.92,0.0,1436.78,65.85,82.32,3061.38,3826.72,153.59,191.99,345.6,238.18,49.54,296.06,278.04
655,176.0,0.97,19.98,51.3,696.96,257.64,0.0,1005.9,49.18,61.47,3077.35,3846.69,154.03,192.53,345.6,177.87,37.0,308.6,199.19
656,172.0,-2.78,20.03,51.3,665.64,-736.11,0.0,-19.17,-0.92,-1.14,3084.06,3855.07,153.99,192.49,345.6,-3.31,-0.69,346.29,-3.31
657,156.0,-5.0,20.07,51.3,547.56,-1325.0,0.0,-726.14,-31.47,-39.33,3079.56,3849.45,153.42,191.77,345.6,-113.81,-23.67,369.27,-106.51
658,136.0,-6.25,20.11,51.3,416.16,-1656.25,0.0,-1188.79,-44.91,-56.14,3068.95,3836.19,152.58,190.72,345.6,-162.43,-33.79,379.39,-147.97
659,111.0,-5.56,20.15,51.3,277.22,-1472.22,0.0,-1143.7,-35.26,-44.08,3057.82,3822.27,151.77,189.71,345.6,-127.55,-26.53,372.13,-118.45
660,96.0,-4.31,20.18,51.3,207.36,-1140.97,0.0,-882.31,-23.53,-29.41,3049.65,3812.06,151.15,188.93,345.6,-85.1,-17.7,363.3,-80.95
661,80.0,-4.58,20.2,51.3,144.0,-1214.58,0.0,-1019.28,-22.65,-28.31,3043.24,3804.05,150.64,188.31,345.6,-81.93,-17.04,362.64,-78.08
662,63.0,-3.06,20.22,51.3,89.3,-809.72,0.0,-669.12,-11.71,-14.64,3038.47,3798.08,150.26,187.83,345.6,-42.35,-8.81,354.41,-41.3
663,58.0,-0.28,20.24,51.3,75.69,-73.61,0.0,53.38,0.86,1.07,3036.96,3796.2,150.06,187.58,345.6,3.11,0.65,344.95,3.12
664,61.0,2.92,20.25,51.3,83.72,772.92,0.0,907.94,15.38,19.23,3039.21,3799.02,150.05,187.56,345.6,55.64,11.57,334.03,57.57
665,79.0,5.0,20.27,51.3,140.42,1325.0,0.0,1516.72,33.28,41.6,3045.97,3807.47,150.24,187.8,345.6,120.38,25.04,320.56,129.79
666,97.0,4.03,20.3,51.3,211.7,1067.36,0.0,1330.36,35.85,44.81,3055.58,3819.47,150.53,188.17,345.6,129.65,26.97,318.63,140.62
667,108.0,2.08,20.33,51.3,262.44,552.08,0.0,865.82,25.97,32.47,3064.16,3830.2,150.74,188.43,345.6,93.95,19.54,326.06,99.58
668,112.0,1.25,20.36,51.3,282.24,331.25,0.0,664.79,20.68,25.85,3070.64,3838.3,150.84,188.54,345.6,74.81,15.56,330.04,78.33
669,117.0,2.08,20.39,51.3,308.0,552.08,0.0,911.39,29.62,37.03,3077.63,3847.04,150.94,188.68,345.6,107.13,22.28,323.32,114.52
670,127.0,1.25,20.42,51.3,362.9,331.25,0.0,745.45,26.3,32.87,3085.39,3856.74,151.07,188.84,345.6,95.12,19.78,325.82,100.89
671,126.0,-1.81,20.46,51.3,357.21,-478.47,0.0,-69.96,-2.45,-3.06,3088.71,3860.88,150.98,188.72,345.6,-8.86,-1.84,347.44,-8.81
672,114.0,-3.33,20.49,51.3,292.41,-883.33,0.0,-539.62,-17.09,-21.36,3085.99,3857.49,150.6,188.25,345.6,-61.81,-12.86,358.46,-59.59
673,102.0,-2.92,20.52,51.3,234.09,-772.92,0.0,-487.53,-13.81,-17.27,3081.7,3852.13,150.17,187.71,345.6,-49.96,-10.39,355.99,-48.5
674,93.0,-1.81,20.55,51.3,194.6,-478.47,0.0,-232.57,-6.01,-7.51,3078.95,3848.69,149.84,187.3,345.6,-21.73,-4.52,350.12,-21.45
675,89.0,-0.42,20.57,51.3,178.22,-110.42,0.0,119.11,2.94,3.68,3078.52,3848.15,149.63,187.04,345.6,10.65,2.22,343.38,10.72
676,90.0,2.08,20.6,51.3,182.25,552.08,0.0,785.63,19.64,24.55,3081.66,3852.08,149.6,187.0,345.6,71.04,14.78,330.82,74.21
677,104.0,4.44,20.63,51.3,243.36,1177.78,0.0,1472.44,42.54,53.17,3090.3,3862.87,149.83,187.28,345.6,153.85,32.0,313.6,169.55
678,122.0,4.72,20.66,51.3,334.89,1251.39,0.0,1637.58,55.5,69.37,3103.91,3879.89,150.26,187.82,345.6,200.72,41.75,303.85,228.3
679,138.0,3.89,20.69,51.3,428.49,1030.56,0.0,1510.35,57.9,72.37,3119.66,3899.58,150.76,188.45,345.6,209.41,43.56,302.04,239.6
680,150.0,2.22,20.73,51.3,506.25,588.89,0.0,1146.44,47.77,59.71,3134.34,3917.92,151.17,188.97,345.6,172.77,35.94,309.66,192.82
681,154.0,-1.11,20.78,51.3,533.61,-294.44,0.0,290.47,12.43,15.53,3142.7,3928.37,151.27,189.09,345.6,44.94,9.35,336.25,46.19
682,142.0,-3.47,20.82,51.3,453.69,-920.14,0.0,-415.15,-16.38,-20.47,3142.15,3927.69,150.94,188.68,345.6,-59.23,-12.32,357.92,-57.19
683,129.0,-3.33,20.85,51.3,374.42,-883.33,0.0,-457.61,-16.4,-20.5,3137.6,3922.0,150.45,188.07,345.6,-59.31,-12.34,357.94,-57.26
684,118.0,-1.53,20.89,51.3,313.29,-404.86,0.0,-40.27,-1.32,-1.65,3135.14,3918.92,150.09,187.61,345.6,-4.77,-0.99,346.59,-4.76
685,118.0,1.53,20.92,51.3,313.29,404.86,0.0,769.45,25.22,31.53,3138.46,3923.07,150.01,187.51,345.6,91.22,18.97,326.63,96.52
686,129.0,2.36,20.96,51.3,374.42,625.69,0.0,1051.42,37.68,47.09,3147.19,3933.99,150.18,187.73,345.6,136.27,28.34,317.26,148.44
687,135.0,-0.28,20.99,51.3,410.06,-73.61,0.0,387.75,14.54,18.18,3154.44,3943.05,150.27,187.83,345.6,52.59,10.94,334.66,54.31
688,127.0,-2.36,21.03,51.3,362.9,-625.69,0.0,-211.49,-7.46,-9.33,3155.43,3944.28,150.05,187.57,345.6,-26.99,-5.61,351.21,-26.55
689,118.0,-2.5,21.06,51.3,313.29,-662.5,0.0,-297.91,-9.76,-12.21,3153.03,3941.29,149.7,187.12,345.6,-35.32,-7.35,352.95,-34.58
690,109.0,-2.08,21.09,51.3,267.32,-552.08,0.0,-233.46,-7.07,-8.84,3150.7,3938.37,149.36,186.7,345.6,-25.57,-5.32,350.92,-25.18
691,103.0,-1.81,21.12,51.3,238.7,-478.47,0.0,-188.47,-5.39,-6.74,3148.97,3936.21,149.07,186.34,345.6,-19.5,-4.06,349.66,-19.28
692,96.0,-1.94,21.15,51.3,207.36,-515.28,0.0,-256.62,-6.84,-8.55,3147.27,3934.08,148.8,186.0,345.6,-24.75,-5.15,350.75,-24.39
693,89.0,-2.08,21.18,51.3,178.22,-552.08,0.0,-322.56,-7.97,-9.97,3145.21,3931.51,148.52,185.65,345.6,-28.84,-6.0,351.6,-28.35
694,81.0,-2.36,21.2,51.3,147.62,-625.69,0.0,-426.77,-9.6,-12.0,3142.77,3928.46,148.24,185.3,345.6,-34.73,-7.22,352.82,-34.02
695,72.0,-2.5,21.22,51.3,116.64,-662.5,0.0,-494.56,-9.89,-12.36,3140.06,3925.07,147.96,184.95,345.6,-35.78,-7.44,353.04,-35.02
696,63.0,-2.5,21.24,51.3,89.3,-662.5,0.0,-521.9,-9.13,-11.42,3137.42,3921.77,147.71,184.63,345.6,-33.03,-6.87,352.47,-32.39
697,54.0,-2.22,21.26,51.3,65.61,-588.89,0.0,-471.98,-7.08,-8.85,3135.17,3918.96,147.49,184.36,345.6,-25.61,-5.33,350.93,-25.22
698,47.0,-0.56,21.27,51.3,49.7,-147.22,0.0,-46.22,-0.6,-0.75,3134.1,3917.62,147.34,184.18,345.6,-2.18,-0.45,346.05,-2.18
699,50.0,0.97,21.28,51.3,56.25,257.64,0.0,365.19,5.07,6.34,3134.72,3918.4,147.28,184.1,345.6,18.35,3.82,341.78,18.55
700,54.0,0.0,21.3,51.3,65.61,0.0,0.0,116.91,1.75,2.19,3135.67,3919.58,147.22,184.03,345.6,6.34,1.32,344.28,6.37
701,50.0,-1.11,21.31,51.3,56.25,-294.44,0.0,-186.89,-2.6,-3.24,3135.55,3919.44,147.12,183.9,345.6,-9.39,-1.95,347.55,-9.34
702,46.0,-0.83,21.33,51.3,47.61,-220.83,0.0,-121.92,-1.56,-1.95,3134.97,3918.72,147.0,183.75,345.6,-5.63,-1.17,346.77,-5.62
703,44.0,-0.69,21.34,51.3,43.56,-184.03,0.0,-89.17,-1.09,-1.36,3134.61,3918.26,146.89,183.62,345.6,-3.94,-0.82,346.42,-3.93
704,41.0,-0.69,21.35,51.3,37.82,-184.03,0.0,-94.91,-1.08,-1.35,3134.3,3917.88,146.8,183.5,345.6,-3.91,-0.81,346.41,-3.9
705,39.0,-0.97,21.36,51.3,34.22,-257.64,0.0,-172.12,-1.86,-2.33,3133.89,3917.37,146.7,183.38,345.6,-6.74,-1.4,347.0,-6.72
706,34.0,-0.28,21.37,51.3,26.01,-73.61,0.0,3.7,0.03,0.04,3133.64,3917.05,146.62,183.28,345.6,0.13,0.03,345.57,0.13
707,37.0,0.56,21.38,51.3,30.8,147.22,0.0,229.32,2.36,2.95,3133.97,3917.47,146.57,183.21,345.6,8.52,1.77,343.83,8.57
708,38.0,0.0,21.39,51.3,32.49,0.0,0.0,83.79,0.88,1.11,3134.42,3918.03,146.52,183.15,345.6,3.2,0.67,344.93,3.21
