time_s,speed_kmph,accn_mps2,dist_km,Fr,Far,Fac,Fb,Ft,m_pwr_kW,e_pwr_kW,m_energy_Wh,e_energy_Wh,m_Wh/km,e_Wh/km,pack_voltage_V,pack_current_A,delta_voltage_V_ir,pack_voltage_V_w_ir,pack_current_A_w_ir
0,0.0,0.0,0.0,51.3,0.0,0.0,0.0,51.3,0.0,0.0,0.0,0.0,0.0,0.0,345.6,0.0,0.0,345.6,0.0
1,0.0,0.0,0.0,51.3,0.0,0.0,0.0,51.3,0.0,0.0,0.0,0.0,0.0,0.0,345.6,0.0,0.0,345.6,0.0
2,0.0,0.0,0.0,51.3,0.0,0.0,0.0,51.3,0.0,0.0,0.0,0.0,0.0,0.0,345.6,0.0,0.0,345.6,0.0
3,0.0,0.0,0.0,51.3,0.0,0.0,0.0,51.3,0.0,0.0,0.0,0.0,0.0,0.0,345.6,0.0,0.0,345.6,0.0
4,0.0,0.0,0.0,51.3,0.0,0.0,0.0,51.3,0.0,0.0,0.0,0.0,0.0,0.0,345.6,0.0,0.0,345.6,0.0
5,0.0,0.0,0.0,51.3,0.0,0.0,0.0,51.3,0.0,0.0,0.0,0.0,0.0,0.0,345.6,0.0,0.0,345.6,0.0
6,0.0,0.0,0.0,51.3,0.0,0.0,0.0,51.3,0.0,0.0,0.0,0.0,0.0,0.0,345.6,0.0,0.0,345.6,0.0
7,0.0,0.0,0.0,51.3,0.0,0.0,0.0,51.3,0.0,0.0,0.0,0.0,0.0,0.0,345.6,0.0,0.0,345.6,0.0
8,0.0,0.0,0.0,51.3,0.0,0.0,0.0,51.3,0.0,0.0,0.0,0.0,0.0,0.0,345.6,0.0,0.0,345.6,0.0
9,0.0,0.45,0.0,51.3,0.0,118.47,0.0,169.77,0.0,0.0,0.0,0.0,0.0,0.0,345.6,0.0,0.0,345.6,0.0
10,3.22,4.25,0.0,51.3,0.23,1125.42,0.0,1176.95,1.05,1.32,0.15,0.18,326.93,408.66,345.6,3.81,0.79,344.81,3.81
11,30.58,7.6,0.01,51.3,21.04,2013.91,0.0,2086.25,17.72,22.15,2.75,3.44,535.59,669.48,345.6,64.09,13.33,332.27,66.66
12,57.94,8.05,0.02,51.3,75.52,2132.38,0.0,2259.2,36.36,45.45,10.26,12.83,588.73,735.92,345.6,131.5,27.35,318.25,142.81
13,88.51,7.38,0.04,51.3,176.28,1954.68,0.0,2182.26,53.66,67.07,22.77,28.46,602.68,753.35,345.6,194.07,40.37,305.23,219.73
14,111.04,5.81,0.07,51.3,277.44,1540.05,0.0,1868.79,57.64,72.06,38.22,47.78,583.66,729.57,345.6,208.49,43.37,302.23,238.41
15,130.36,5.36,0.1,51.3,382.34,1421.58,0.0,1855.22,67.18,83.97,55.56,69.45,561.11,701.39,345.6,242.98,50.54,295.06,284.59
16,149.67,3.58,0.14,51.3,504.02,947.72,0.0,1503.04,62.49,78.11,73.57,91.96,533.46,666.82,345.6,226.01,47.01,298.59,261.6
17,156.11,-1.12,0.18,51.3,548.3,-296.16,0.0,303.44,13.16,16.45,84.08,105.1,466.11,582.63,345.6,47.59,9.9,335.7,48.99
18,141.62,-4.92,0.22,51.3,451.28,-1303.12,0.0,-800.54,-31.49,-39.37,81.53,101.91,367.7,459.62,345.6,-113.91,-23.69,369.29,-106.6
19,120.7,-5.59,0.26,51.3,327.79,-1480.82,0.0,-1101.72,-36.94,-46.17,72.03,90.03,278.99,348.74,345.6,-133.6,-27.79,373.39,-123.66
20,101.39,-4.47,0.29,51.3,231.29,-1184.65,0.0,-902.06,-25.41,-31.76,63.37,79.21,219.25,274.07,345.6,-91.89,-19.11,364.71,-87.07
21,88.51,-2.91,0.32,51.3,176.28,-770.02,0.0,-542.44,-13.34,-16.67,57.99,72.48,183.86,229.82,345.6,-48.24,-10.03,355.63,-46.88
22,80.47,1.79,0.34,51.3,145.69,473.86,0.0,670.85,14.99,18.74,58.22,72.77,171.8,214.75,345.6,54.23,11.28,334.32,56.06
23,101.39,5.36,0.36,51.3,231.29,1421.58,0.0,1704.17,48.0,59.99,66.96,83.71,183.91,229.89,345.6,173.59,36.11,309.49,193.85
24,119.09,5.14,0.39,51.3,319.11,1362.35,0.0,1732.76,57.32,71.65,81.59,101.99,206.7,258.38,345.6,207.33,43.12,302.48,236.88
25,138.4,4.47,0.43,51.3,431.0,1184.65,0.0,1666.95,64.09,80.11,98.45,123.07,228.7,285.87,345.6,231.79,48.21,297.39,269.37
26,151.28,-0.89,0.47,51.3,514.91,-236.93,0.0,329.28,13.84,17.3,109.28,136.6,232.14,290.18,345.6,50.05,10.41,335.19,51.6
27,131.97,-6.71,0.51,51.3,391.84,-1776.98,0.0,-1333.84,-48.89,-61.12,104.41,130.51,204.69,255.87,345.6,-176.85,-36.78,382.38,-159.84
28,103.0,-7.15,0.54,51.3,238.69,-1895.44,0.0,-1605.45,-45.93,-57.42,91.24,114.05,168.12,210.14,345.6,-166.13,-34.56,380.16,-151.03
29,80.47,-5.36,0.57,51.3,145.69,-1421.58,0.0,-1224.6,-27.37,-34.22,81.06,101.32,142.66,178.32,345.6,-99.0,-20.59,366.19,-93.43
30,64.37,-3.8,0.59,51.3,93.24,-1006.96,0.0,-862.42,-15.42,-19.28,75.11,93.89,127.68,159.6,345.6,-55.78,-11.6,357.2,-53.97
31,53.11,-1.34,0.6,51.3,63.46,-355.4,0.0,-240.64,-3.55,-4.44,72.48,90.6,119.87,149.84,345.6,-12.84,-2.67,348.27,-12.74
32,54.72,1.56,0.62,51.3,67.37,414.63,0.0,533.29,8.11,10.13,73.11,91.39,118.0,147.5,345.6,29.32,6.1,339.5,29.84
33,64.37,3.8,0.64,51.3,93.24,1006.96,0.0,1151.49,20.59,25.74,77.1,96.37,121.19,151.49,345.6,74.47,15.49,330.11,77.97
34,82.08,5.81,0.66,51.3,151.57,1540.05,0.0,1742.92,39.74,49.67,85.47,106.84,130.2,162.75,345.6,143.72,29.89,315.71,157.33
35,106.22,6.26,0.68,51.3,253.84,1658.51,0.0,1963.66,57.94,72.42,99.04,123.8,145.09,181.36,345.6,209.55,43.59,302.01,239.79
36,127.14,4.92,0.72,51.3,363.69,1303.12,0.0,1718.11,60.68,75.85,115.51,144.39,161.55,201.94,345.6,219.46,45.65,299.95,252.86
37,141.62,4.92,0.75,51.3,451.28,1303.12,0.0,1805.7,71.04,88.79,133.81,167.26,177.85,222.31,345.6,256.93,53.44,292.16,303.92
38,162.54,4.92,0.79,51.3,594.46,1303.12,0.0,1948.88,87.99,109.99,155.9,194.87,196.19,245.24,345.6,318.26,66.2,279.4,393.67
39,177.03,0.89,0.84,51.3,705.12,236.93,0.0,993.35,48.85,61.06,174.9,218.63,207.78,259.72,345.6,176.68,36.75,308.85,197.7
40,168.98,-5.14,0.89,51.3,642.48,-1362.35,0.0,-668.58,-31.38,-39.23,177.33,221.66,199.28,249.1,345.6,-113.51,-23.61,369.21,-106.25
41,140.01,-7.15,0.93,51.3,441.08,-1895.44,0.0,-1403.07,-54.57,-68.21,165.39,206.74,177.31,221.64,345.6,-197.37,-41.05,386.65,-176.41
42,117.48,-5.36,0.97,51.3,310.54,-1421.58,0.0,-1059.74,-34.58,-43.23,153.01,191.26,157.98,197.48,345.6,-125.08,-26.02,371.62,-116.33
43,101.39,-4.25,1.0,51.3,231.29,-1125.42,0.0,-842.83,-23.74,-29.67,144.91,181.13,145.07,181.33,345.6,-85.85,-17.86,363.46,-81.64
44,86.9,-1.79,1.03,51.3,169.93,-473.86,0.0,-252.63,-6.1,-7.62,140.76,175.95,137.32,171.65,345.6,-22.06,-4.59,350.19,-21.77
45,88.51,0.22,1.05,51.3,176.28,59.23,0.0,286.81,7.05,8.81,140.9,176.12,134.26,167.82,345.6,25.51,5.31,340.29,25.9
46,88.51,-1.56,1.07,51.3,176.28,-414.63,0.0,-187.05,-4.6,-5.75,141.24,176.55,131.5,164.38,345.6,-16.63,-3.46,349.06,-16.47
47,77.25,0.45,1.1,51.3,134.26,118.47,0.0,304.03,6.52,8.15,141.5,176.88,128.99,161.23,345.6,23.6,4.91,340.69,23.94
48,91.73,2.46,1.12,51.3,189.33,651.56,0.0,892.19,22.73,28.42,145.57,181.96,129.91,162.39,345.6,82.23,17.1,328.5,86.51
49,94.95,-0.67,1.15,51.3,202.85,-177.7,0.0,76.46,2.02,2.52,149.0,186.26,129.97,162.47,345.6,7.29,1.52,344.08,7.33
50,86.9,1.34,1.17,51.3,169.93,355.4,0.0,576.62,13.92,17.4,151.22,189.02,129.06,161.32,345.6,50.35,10.47,335.13,51.92
51,104.61,4.25,1.2,51.3,246.21,1125.42,0.0,1422.93,41.35,51.68,158.89,198.62,132.6,165.75,345.6,149.55,31.11,314.49,164.34
52,117.48,0.89,1.23,51.3,310.54,236.93,0.0,598.78,19.54,24.43,167.35,209.19,136.15,170.19,345.6,70.68,14.7,330.9,73.82
53,111.04,-0.89,1.26,51.3,277.44,-236.93,0.0,91.81,2.83,3.54,170.46,213.07,135.19,168.99,345.6,10.24,2.13,343.47,10.31
54,111.04,2.01,1.29,51.3,277.44,533.09,0.0,861.84,26.58,33.23,174.54,218.18,135.12,168.91,345.6,96.15,20.0,325.6,102.06
55,125.53,4.02,1.32,51.3,354.54,1066.19,0.0,1472.03,51.33,64.16,185.36,231.71,139.94,174.93,345.6,185.65,38.61,306.99,209.0
56,140.01,4.02,1.36,51.3,441.08,1066.19,0.0,1558.57,60.62,75.77,200.91,251.14,147.57,184.46,345.6,219.24,45.6,300.0,252.57
57,154.5,1.34,1.4,51.3,537.06,355.4,0.0,943.75,40.5,50.63,214.96,268.7,153.28,191.6,345.6,146.49,30.47,315.13,160.66
58,149.67,-1.12,1.44,51.3,504.02,-296.16,0.0,259.15,10.77,13.47,222.08,277.6,153.73,192.16,345.6,38.97,8.11,337.49,39.9
59,146.45,0.22,1.49,51.3,482.57,59.23,0.0,593.1,24.13,30.16,226.93,283.66,152.74,190.92,345.6,87.27,18.15,327.45,92.11
60,151.28,0.45,1.53,51.3,514.91,118.47,0.0,684.68,28.77,35.96,234.27,292.84,153.41,191.76,345.6,104.06,21.65,323.95,111.02
61,149.67,-0.67,1.57,51.3,504.02,-177.7,0.0,377.62,15.7,19.62,240.45,300.56,153.26,191.58,345.6,56.78,11.81,333.79,58.79
62,146.45,-1.34,1.61,51.3,482.57,-355.4,0.0,178.47,7.26,9.08,243.64,304.55,151.33,189.16,345.6,26.26,5.46,340.14,26.68
63,140.01,0.22,1.65,51.3,441.08,59.23,0.0,551.61,21.45,26.82,247.63,309.53,150.09,187.62,345.6,77.6,16.14,329.46,81.4
64,148.06,1.12,1.69,51.3,493.23,296.16,0.0,840.7,34.58,43.22,255.41,319.26,151.15,188.93,345.6,125.06,26.01,319.59,135.24
65,148.06,-2.68,1.73,51.3,493.23,-710.79,0.0,-166.26,-6.84,-8.55,259.26,324.08,149.78,187.23,345.6,-24.73,-5.14,350.74,-24.37
66,128.75,-4.92,1.77,51.3,372.96,-1303.12,0.0,-878.86,-31.43,-39.29,253.95,317.43,143.52,179.4,345.6,-113.68,-23.65,369.25,-106.4
67,112.65,-1.34,1.8,51.3,285.54,-355.4,0.0,-18.55,-0.58,-0.73,249.5,311.87,138.39,172.98,345.6,-2.1,-0.44,346.04,-2.1
68,119.09,3.13,1.84,51.3,319.11,829.26,0.0,1199.67,39.69,49.61,254.93,318.66,138.92,173.65,345.6,143.54,29.86,315.74,157.11
69,135.18,4.47,1.87,51.3,411.18,1184.65,0.0,1647.14,61.85,77.32,269.03,336.29,143.84,179.8,345.6,223.71,46.53,299.07,258.52
70,151.28,2.46,1.91,51.3,514.91,651.56,0.0,1217.77,51.17,63.97,284.73,355.91,149.06,186.32,345.6,185.09,38.5,307.1,208.29
71,152.89,1.56,1.95,51.3,525.93,414.63,0.0,991.86,42.12,52.65,297.69,372.11,152.47,190.59,345.6,152.35,31.69,313.91,167.73
72,162.54,2.68,2.0,51.3,594.46,710.79,0.0,1356.55,61.25,76.56,312.05,390.06,156.32,195.4,345.6,221.53,46.08,299.52,255.61
73,172.2,0.0,2.04,51.3,667.18,0.0,0.0,718.48,34.37,42.96,325.33,406.66,159.26,199.07,345.6,124.3,25.86,319.74,134.35
74,162.54,-2.24,2.09,51.3,594.46,-592.33,0.0,53.43,2.41,3.02,330.43,413.04,158.16,197.7,345.6,8.73,1.81,343.79,8.77
75,156.11,-1.56,2.13,51.3,548.3,-414.63,0.0,184.98,8.02,10.03,331.88,414.85,155.56,194.45,345.6,29.01,6.03,339.57,29.53
76,151.28,-0.89,2.18,51.3,514.91,-236.93,0.0,329.28,13.84,17.3,334.92,418.65,153.9,192.38,345.6,50.05,10.41,335.19,51.6
77,149.67,-0.45,2.22,51.3,504.02,-118.47,0.0,436.85,18.16,22.7,339.36,424.2,153.01,191.26,345.6,65.69,13.66,331.94,68.39
78,148.06,0.0,2.26,51.3,493.23,0.0,0.0,544.53,22.4,27.99,345.0,431.25,152.7,190.87,345.6,81.0,16.85,328.75,85.15
79,149.67,2.01,2.3,51.3,504.02,533.09,0.0,1088.41,45.25,56.56,354.39,442.99,154.04,192.55,345.6,163.67,34.04,311.56,181.55
80,162.54,3.58,2.34,51.3,594.46,947.72,0.0,1593.48,71.95,89.93,370.67,463.34,158.13,197.67,345.6,260.23,54.13,291.47,308.55
81,175.42,0.67,2.39,51.3,692.36,177.7,0.0,921.36,44.9,56.12,386.9,483.62,161.81,202.27,345.6,162.38,33.78,311.82,179.97
82,167.37,-0.89,2.44,51.3,630.3,-236.93,0.0,444.67,20.67,25.84,396.0,495.01,162.39,202.99,345.6,74.77,15.55,330.05,78.3
83,168.98,1.34,2.49,51.3,642.48,355.4,0.0,1049.17,49.25,61.56,405.72,507.14,163.25,204.06,345.6,178.12,37.05,308.55,199.51
84,177.03,1.12,2.53,51.3,705.12,296.16,0.0,1052.58,51.76,64.7,419.74,524.68,165.69,207.11,345.6,187.21,38.94,306.66,210.98
85,177.03,-3.8,2.58,51.3,705.12,-1006.96,0.0,-250.53,-12.32,-15.4,425.22,531.53,164.65,205.82,345.6,-44.56,-9.27,354.87,-43.4
86,149.67,-6.93,2.63,51.3,504.02,-1836.21,0.0,-1280.9,-53.25,-66.57,416.11,520.14,158.34,197.93,345.6,-192.61,-40.06,385.66,-172.6
87,127.14,-5.14,2.67,51.3,363.69,-1362.35,0.0,-947.36,-33.46,-41.82,404.07,505.09,151.54,189.43,345.6,-121.01,-25.17,370.77,-112.8
88,112.65,-2.46,2.7,51.3,285.54,-651.56,0.0,-314.71,-9.85,-12.31,398.06,497.57,147.45,184.31,345.6,-35.62,-7.41,353.01,-34.87
89,109.44,1.34,2.73,51.3,269.46,355.4,0.0,676.16,20.55,25.69,399.54,499.43,146.33,182.91,345.6,74.34,15.46,330.14,77.82
90,122.31,4.25,2.76,51.3,336.59,1125.42,0.0,1513.31,51.41,64.27,409.54,511.92,148.24,185.3,345.6,185.96,38.68,306.92,209.4
91,140.01,4.69,2.8,51.3,441.08,1243.89,0.0,1736.26,67.53,84.41,426.06,532.57,152.21,190.26,345.6,244.24,50.8,294.8,286.33
92,156.11,4.02,2.84,51.3,548.3,1066.19,0.0,1665.79,72.23,90.29,445.47,556.84,156.84,196.05,345.6,261.26,54.34,291.26,310.01
93,168.98,3.58,2.89,51.3,642.48,947.72,0.0,1641.5,77.05,96.31,466.2,582.76,161.57,201.97,345.6,278.68,57.97,287.63,334.85
94,181.86,3.13,2.93,51.3,744.11,829.26,0.0,1624.66,82.07,102.59,488.3,610.38,166.42,208.03,345.6,296.84,61.74,283.86,361.41
95,191.51,-0.22,2.99,51.3,825.22,-59.23,0.0,817.29,43.48,54.35,505.74,632.18,169.37,211.71,345.6,157.26,32.71,312.89,173.69
96,180.25,-5.14,3.04,51.3,730.99,-1362.35,0.0,-580.06,-29.04,-36.3,507.75,634.68,167.15,208.94,345.6,-105.04,-21.85,367.45,-98.8
97,154.5,-6.48,3.08,51.3,537.06,-1717.75,0.0,-1129.39,-48.47,-60.59,496.98,621.23,161.14,201.43,345.6,-175.31,-36.46,382.06,-158.57
98,133.58,-5.14,3.12,51.3,401.45,-1362.35,0.0,-909.6,-33.75,-42.19,485.56,606.95,155.42,194.28,345.6,-122.07,-25.39,370.99,-113.72
99,117.48,-3.8,3.16,51.3,310.54,-1006.96,0.0,-645.11,-21.05,-26.32,477.95,597.44,151.3,189.12,345.6,-76.14,-15.84,361.44,-72.81
100,106.22,-2.68,3.19,51.3,253.84,-710.79,0.0,-405.65,-11.97,-14.96,473.36,591.71,148.39,185.48,345.6,-43.29,-9.0,354.6,-42.19
101,98.17,-1.12,3.22,51.3,216.84,-296.16,0.0,-28.02,-0.76,-0.96,471.6,589.5,146.53,183.16,345.6,-2.76,-0.57,346.17,-2.76
102,98.17,0.22,3.25,51.3,216.84,59.23,0.0,327.37,8.93,11.16,472.73,590.91,145.65,182.06,345.6,32.29,6.72,338.88,32.93
103,99.78,0.89,3.27,51.3,224.01,236.93,0.0,512.24,14.2,17.75,475.94,594.93,145.4,181.76,345.6,51.35,10.68,334.92,52.99
104,104.61,-0.45,3.3,51.3,246.21,-118.47,0.0,179.04,5.2,6.5,478.64,598.3,144.97,181.21,345.6,18.82,3.91,341.69,19.03
105,96.56,0.0,3.33,51.3,209.79,0.0,0.0,261.09,7.0,8.75,480.33,600.41,144.26,180.33,345.6,25.33,5.27,340.33,25.72
106,104.61,4.02,3.36,51.3,246.21,1066.19,0.0,1363.7,39.63,49.53,486.81,608.51,144.99,181.24,345.6,143.32,29.81,315.79,156.85
107,125.53,5.81,3.39,51.3,354.54,1540.05,0.0,1945.89,67.85,84.81,501.73,627.17,148.03,185.04,345.6,245.41,51.05,294.55,287.94
108,146.45,4.92,3.43,51.3,482.57,1303.12,0.0,1836.99,74.73,93.41,521.54,651.92,152.18,190.22,345.6,270.29,56.22,289.38,322.8
109,160.93,4.02,3.47,51.3,582.74,1066.19,0.0,1700.23,76.01,95.01,542.47,678.09,156.34,195.42,345.6,274.91,57.18,288.42,329.41
110,175.42,2.01,3.52,51.3,692.36,533.09,0.0,1276.75,62.21,77.77,561.67,702.09,159.72,199.65,345.6,225.02,46.8,298.8,260.26
111,175.42,-0.89,3.57,51.3,692.36,-236.93,0.0,506.73,24.69,30.86,573.74,717.18,160.92,201.15,345.6,89.31,18.58,327.02,94.38
112,168.98,-1.56,3.61,51.3,642.48,-414.63,0.0,279.15,13.1,16.38,578.99,723.74,160.24,200.3,345.6,47.39,9.86,335.74,48.78
113,164.15,1.12,3.66,51.3,606.29,296.16,0.0,953.75,43.49,54.36,586.85,733.56,160.37,200.46,345.6,157.3,32.72,312.88,173.74
114,177.03,4.02,3.71,51.3,705.12,1066.19,0.0,1822.61,89.63,112.03,605.34,756.67,163.3,204.13,345.6,324.17,67.43,278.17,402.74
115,193.12,3.8,3.76,51.3,839.15,1006.96,0.0,1897.41,101.79,127.23,631.92,789.9,168.14,210.18,345.6,368.15,76.57,269.03,472.94
116,204.39,-0.22,3.81,51.3,939.91,-59.23,0.0,931.98,52.91,66.14,653.41,816.76,171.34,214.18,345.6,191.38,39.81,305.79,216.29
117,191.51,-6.48,3.87,51.3,825.22,-1717.75,0.0,-841.22,-44.75,-55.94,654.54,818.18,169.2,211.5,345.6,-161.86,-33.67,379.27,-147.49
118,157.72,-8.49,3.92,51.3,559.67,-2250.84,0.0,-1639.87,-71.84,-89.8,638.35,797.94,162.97,203.71,345.6,-259.85,-54.05,399.65,-224.71
119,130.36,-6.93,3.96,51.3,382.34,-1836.21,0.0,-1402.57,-50.79,-63.48,621.32,776.65,157.02,196.27,345.6,-183.69,-38.21,383.81,-165.41
120,107.83,-4.92,3.99,51.3,261.59,-1303.12,0.0,-990.22,-29.66,-37.07,610.14,762.68,152.92,191.15,345.6,-107.27,-22.31,367.91,-100.77
121,94.95,-2.68,4.02,51.3,202.85,-710.79,0.0,-456.64,-12.04,-15.05,604.35,755.44,150.4,188.0,345.6,-43.56,-9.06,354.66,-42.45
122,88.51,0.89,4.04,51.3,176.28,236.93,0.0,464.51,11.42,14.28,604.26,755.33,149.43,186.79,345.6,41.31,8.59,337.01,42.36
123,101.39,5.36,4.07,51.3,231.29,1421.58,0.0,1704.17,48.0,59.99,612.52,765.65,150.49,188.12,345.6,173.59,36.11,309.49,193.85
124,127.14,6.93,4.1,51.3,363.69,1836.21,0.0,2251.2,79.5,99.38,630.23,787.78,153.65,192.06,345.6,287.56,59.81,285.79,347.74
125,151.28,5.81,4.14,51.3,514.91,1540.05,0.0,2106.26,88.51,110.64,653.56,816.95,157.85,197.31,345.6,320.13,66.59,279.01,396.52
126,168.98,4.47,4.18,51.3,642.48,1184.65,0.0,1878.43,88.17,110.21,678.1,847.62,162.03,202.54,345.6,318.91,66.33,279.27,394.66
127,183.46,3.8,4.23,51.3,757.33,1006.96,0.0,1815.59,92.53,115.66,703.2,879.0,166.09,207.61,345.6,334.66,69.61,275.99,419.07
128,196.34,3.35,4.29,51.3,867.36,888.49,0.0,1807.15,98.56,123.2,729.74,912.17,170.23,212.79,345.6,356.48,74.15,271.45,453.85
129,207.6,2.68,4.34,51.3,969.75,710.79,0.0,1731.84,99.87,124.84,757.3,946.62,174.38,217.98,345.6,361.23,75.13,270.47,461.57
130,215.65,0.45,4.4,51.3,1046.38,118.47,0.0,1216.14,72.85,91.06,781.29,976.61,177.5,221.88,345.6,263.49,54.81,290.79,313.16
131,210.82,-5.36,4.46,51.3,1000.05,-1421.58,0.0,-370.24,-21.68,-27.1,788.39,985.49,176.74,220.92,345.6,-78.42,-16.31,361.91,-74.89
132,177.03,-9.83,4.51,51.3,705.12,-2606.24,0.0,-1849.82,-90.96,-113.7,772.75,965.93,171.16,213.96,345.6,-329.01,-68.43,414.03,-274.63
133,140.01,-9.39,4.56,51.3,441.08,-2487.77,0.0,-1995.39,-77.61,-97.01,749.33,936.67,164.38,205.47,345.6,-280.69,-58.38,403.98,-240.13
134,109.44,-6.48,4.59,51.3,269.46,-1717.75,0.0,-1396.99,-42.47,-53.08,732.66,915.82,159.5,199.38,345.6,-153.6,-31.95,377.55,-140.6
135,93.34,-2.46,4.62,51.3,196.04,-651.56,0.0,-404.22,-10.48,-13.1,725.3,906.63,156.94,196.18,345.6,-37.91,-7.88,353.48,-37.06
136,91.73,2.24,4.65,51.3,189.33,592.33,0.0,832.96,21.22,26.53,726.8,908.5,156.39,195.49,345.6,76.77,15.97,329.63,80.49
137,109.44,5.14,4.68,51.3,269.46,1362.35,0.0,1683.11,51.16,63.96,736.85,921.06,157.61,197.01,345.6,185.06,38.49,307.11,208.25
138,128.75,5.59,4.71,51.3,372.96,1480.82,0.0,1905.07,68.13,85.16,753.42,941.77,160.02,200.03,345.6,246.42,51.26,294.34,289.34
139,149.67,4.69,4.75,51.3,504.02,1243.89,0.0,1799.2,74.8,93.5,773.27,966.59,162.9,203.63,345.6,270.55,56.27,289.33,323.17
140,162.54,-2.24,4.79,51.3,594.46,-592.33,0.0,53.43,2.41,3.02,784.0,979.99,163.66,204.58,345.6,8.73,1.81,343.79,8.77
141,133.58,-8.05,4.83,51.3,401.45,-2132.38,0.0,-1679.62,-62.32,-77.9,775.67,969.59,160.55,200.69,345.6,-225.41,-46.89,392.49,-198.48
142,104.61,-7.82,4.86,51.3,246.21,-2073.14,0.0,-1775.63,-51.6,-64.49,759.85,949.82,156.21,195.26,345.6,-186.62,-38.82,384.42,-167.77
143,77.25,-6.48,4.89,51.3,134.26,-1717.75,0.0,-1532.18,-32.88,-41.1,748.12,935.15,153.0,191.25,345.6,-118.91,-24.73,370.33,-110.97
144,57.94,-4.02,4.91,51.3,75.52,-1066.19,0.0,-939.36,-15.12,-18.9,741.45,926.82,151.06,188.82,345.6,-54.68,-11.37,356.97,-52.94
145,48.28,0.0,4.92,51.3,52.45,0.0,0.0,103.75,1.39,1.74,739.55,924.43,150.22,187.77,345.6,5.03,1.05,344.55,5.05
146,57.94,4.25,4.94,51.3,75.52,1125.42,0.0,1252.24,20.15,25.19,742.54,928.18,150.37,187.97,345.6,72.89,15.16,330.44,76.24
147,78.86,7.38,4.96,51.3,139.92,1954.68,0.0,2145.89,47.01,58.76,751.87,939.83,151.68,189.6,345.6,170.01,35.36,310.24,189.39
148,111.04,5.81,4.98,51.3,277.44,1540.05,0.0,1868.79,57.64,72.06,766.4,958.0,153.79,192.24,345.6,208.49,43.37,302.23,238.41
149,120.7,3.8,5.02,51.3,327.79,1006.96,0.0,1386.05,46.47,58.09,780.86,976.08,155.69,194.61,345.6,168.08,34.96,310.64,187.0
150,138.4,5.14,5.05,51.3,431.0,1362.35,0.0,1844.65,70.92,88.65,797.17,996.46,157.81,197.26,345.6,256.5,53.35,292.25,303.33
151,157.72,5.36,5.09,51.3,559.67,1421.58,0.0,2032.55,89.05,111.31,819.38,1024.23,160.89,201.12,345.6,322.07,66.99,278.61,399.51
152,177.03,3.13,5.14,51.3,705.12,829.26,0.0,1585.68,77.97,97.47,842.58,1053.23,163.95,204.94,345.6,282.03,58.66,286.94,339.68
153,180.25,-4.25,5.19,51.3,730.99,-1125.42,0.0,-343.13,-17.18,-21.47,851.03,1063.78,164.01,205.02,345.6,-62.14,-12.92,358.52,-59.9
154,146.45,-8.05,5.23,51.3,482.57,-2132.38,0.0,-1598.5,-65.03,-81.29,839.61,1049.51,160.41,200.51,345.6,-235.2,-48.92,394.52,-206.03
155,122.31,-5.81,5.27,51.3,336.59,-1540.05,0.0,-1152.16,-39.14,-48.93,825.14,1031.42,156.53,195.66,345.6,-141.58,-29.45,375.05,-130.46
156,104.61,-4.47,5.3,51.3,246.21,-1184.65,0.0,-887.14,-25.78,-32.22,816.12,1020.15,153.9,192.37,345.6,-93.24,-19.39,364.99,-88.28
157,90.12,-2.24,5.33,51.3,182.75,-592.33,0.0,-358.28,-8.97,-11.21,811.3,1014.12,152.21,190.26,345.6,-32.44,-6.75,352.35,-31.82
158,88.51,-0.22,5.35,51.3,176.28,-59.23,0.0,168.35,4.14,5.17,810.63,1013.28,151.38,189.23,345.6,14.97,3.11,342.49,15.11
159,88.51,-1.12,5.38,51.3,176.28,-296.16,0.0,-68.58,-1.69,-2.11,810.97,1013.71,150.75,188.44,345.6,-6.1,-1.27,346.87,-6.08
160,80.47,-0.22,5.4,51.3,145.69,-59.23,0.0,137.75,3.08,3.85,811.16,1013.95,150.13,187.67,345.6,11.14,2.32,343.28,11.21
161,86.9,2.68,5.43,51.3,169.93,710.79,0.0,932.02,22.5,28.12,814.71,1018.39,150.15,187.68,345.6,81.38,16.93,328.67,85.57
162,99.78,0.67,5.45,51.3,224.01,177.7,0.0,453.0,12.56,15.69,819.58,1024.48,150.32,187.91,345.6,45.41,9.45,336.15,46.69
163,91.73,0.45,5.48,51.3,189.33,118.47,0.0,359.1,9.15,11.44,822.6,1028.24,150.14,187.68,345.6,33.1,6.88,338.72,33.77
164,103.0,3.58,5.51,51.3,238.69,947.72,0.0,1237.71,35.41,44.26,828.78,1035.98,150.53,188.16,345.6,128.08,26.64,318.96,138.78
165,117.48,1.12,5.54,51.3,310.54,296.16,0.0,658.01,21.47,26.84,836.69,1045.86,151.13,188.91,345.6,77.67,16.15,329.45,81.48
166,111.04,-1.12,5.57,51.3,277.44,-296.16,0.0,32.58,1.0,1.26,839.81,1049.76,150.82,188.53,345.6,3.63,0.76,344.84,3.64
167,109.44,2.24,5.6,51.3,269.46,592.33,0.0,913.09,27.76,34.7,843.8,1054.75,150.71,188.39,345.6,100.39,20.88,324.72,106.85
168,127.14,4.69,5.63,51.3,363.69,1243.89,0.0,1658.88,58.59,73.23,855.79,1069.74,151.96,189.95,345.6,211.9,44.07,301.53,242.87
169,143.23,4.25,5.67,51.3,461.59,1125.42,0.0,1638.31,65.18,81.48,872.98,1091.23,153.99,192.49,345.6,235.76,49.04,296.56,274.74
170,157.72,2.01,5.71,51.3,559.67,533.09,0.0,1144.06,50.12,62.65,889.0,1111.25,155.67,194.58,345.6,181.28,37.71,307.89,203.48
171,157.72,-0.67,5.75,51.3,559.67,-177.7,0.0,433.27,18.98,23.73,898.6,1123.24,156.15,195.19,345.6,68.65,14.28,331.32,71.61
172,152.89,-0.67,5.8,51.3,525.93,-177.7,0.0,399.53,16.97,21.21,903.59,1129.49,155.85,194.81,345.6,61.37,12.76,332.84,63.72
173,152.89,0.0,5.84,51.3,525.93,0.0,0.0,577.23,24.51,30.64,909.35,1136.69,155.7,194.63,345.6,88.66,18.44,327.16,93.66
174,152.89,-2.01,5.88,51.3,525.93,-533.09,0.0,44.13,1.87,2.34,913.01,1141.27,155.2,194.0,345.6,6.78,1.41,344.19,6.81
175,138.4,-1.34,5.92,51.3,431.0,-355.4,0.0,126.9,4.88,6.1,913.95,1142.44,154.3,192.87,345.6,17.65,3.67,341.93,17.84
176,143.23,2.24,5.96,51.3,461.59,592.33,0.0,1105.22,43.97,54.97,920.74,1150.92,154.42,193.03,345.6,159.04,33.08,312.52,175.88
177,154.5,0.0,6.0,51.3,537.06,0.0,0.0,588.36,25.25,31.56,930.35,1162.94,154.96,193.7,345.6,91.33,19.0,326.6,96.64
178,143.23,-4.02,6.05,51.3,461.59,-1066.19,0.0,-553.3,-22.01,-27.52,930.8,1163.5,153.98,192.47,345.6,-79.62,-16.56,362.16,-75.98
179,125.53,-5.14,6.08,51.3,354.54,-1362.35,0.0,-956.51,-33.35,-41.69,923.11,1153.89,151.77,189.71,345.6,-120.63,-25.09,370.69,-112.47
180,106.22,-1.34,6.11,51.3,253.84,-355.4,0.0,-50.25,-1.48,-1.85,918.27,1147.84,150.18,187.72,345.6,-5.36,-1.12,346.72,-5.35
181,115.87,4.47,6.15,51.3,302.09,1184.65,0.0,1538.05,49.5,61.88,924.94,1156.18,150.51,188.14,345.6,179.05,37.24,308.36,200.68
182,138.4,5.59,6.18,51.3,431.0,1480.82,0.0,1963.11,75.47,94.34,942.3,1177.88,152.46,190.57,345.6,272.98,56.78,288.82,326.64
183,156.11,2.68,6.22,51.3,548.3,710.79,0.0,1310.4,56.82,71.03,960.68,1200.84,154.41,193.01,345.6,205.52,42.75,302.85,234.53
184,157.72,1.12,6.27,51.3,559.67,296.16,0.0,907.13,39.74,49.68,974.09,1217.61,155.47,194.34,345.6,143.74,29.9,315.7,157.35
185,164.15,2.01,6.31,51.3,606.29,533.09,0.0,1190.68,54.29,67.87,987.15,1233.93,156.44,195.55,345.6,196.37,40.85,304.75,222.69
186,172.2,0.45,6.36,51.3,667.18,118.47,0.0,836.95,40.03,50.04,1000.25,1250.31,157.35,196.69,345.6,144.8,30.12,315.48,158.62
187,167.37,-1.56,6.4,51.3,630.3,-414.63,0.0,266.97,12.41,15.51,1007.53,1259.42,157.33,196.67,345.6,44.89,9.34,336.26,46.14
188,160.93,-2.01,6.45,51.3,582.74,-533.09,0.0,100.95,4.51,5.64,1009.88,1262.35,156.58,195.73,345.6,16.32,3.4,342.2,16.48
189,152.89,-1.79,6.49,51.3,525.93,-473.86,0.0,103.37,4.39,5.49,1011.12,1263.9,155.72,194.66,345.6,15.88,3.3,342.3,16.03
190,148.06,-0.67,6.53,51.3,493.23,-177.7,0.0,366.84,15.09,18.86,1013.82,1267.28,155.14,193.93,345.6,54.57,11.35,334.25,56.42
191,148.06,0.45,6.58,51.3,493.23,118.47,0.0,663.0,27.27,34.08,1019.71,1274.63,155.07,193.83,345.6,98.62,20.51,325.09,104.85
192,151.28,2.24,6.62,51.3,514.91,592.33,0.0,1158.54,48.68,60.85,1030.26,1287.82,155.69,194.61,345.6,176.08,36.63,308.97,196.96
193,164.15,3.35,6.66,51.3,606.29,888.49,0.0,1546.08,70.5,88.12,1046.81,1308.51,157.15,196.43,345.6,254.98,53.04,292.56,301.21
194,175.42,1.12,6.71,51.3,692.36,296.16,0.0,1039.82,50.67,63.33,1063.64,1329.55,158.55,198.19,345.6,183.26,38.12,307.48,205.98
195,172.2,-0.45,6.76,51.3,667.18,-118.47,0.0,600.02,28.7,35.88,1074.66,1343.33,159.05,198.81,345.6,103.81,21.59,324.01,110.73
196,172.2,1.34,6.8,51.3,667.18,355.4,0.0,1073.88,51.37,64.21,1085.78,1357.23,159.57,199.46,345.6,185.79,38.64,306.96,209.18
197,181.86,-0.45,6.85,51.3,744.11,-118.47,0.0,676.94,34.2,42.74,1097.67,1372.08,160.15,200.19,345.6,123.68,25.73,319.87,133.63
198,168.98,-4.92,6.9,51.3,642.48,-1303.12,0.0,-609.34,-28.6,-35.75,1098.44,1373.05,159.14,198.92,345.6,-103.45,-21.52,367.12,-97.39
199,146.45,-5.81,6.95,51.3,482.57,-1540.05,0.0,-1006.18,-40.93,-51.16,1088.78,1360.98,156.74,195.93,345.6,-148.05,-30.79,376.39,-135.93
200,127.14,-4.69,6.98,51.3,363.69,-1243.89,0.0,-828.89,-29.27,-36.59,1079.03,1348.79,154.49,193.12,345.6,-105.88,-22.02,367.62,-99.54
201,112.65,-2.24,7.02,51.3,285.54,-592.33,0.0,-255.48,-7.99,-9.99,1073.86,1342.32,153.02,191.28,345.6,-28.92,-6.01,351.61,-28.42
202,111.04,2.01,7.05,51.3,277.44,533.09,0.0,861.84,26.58,33.23,1076.44,1345.55,152.71,190.89,345.6,96.15,20.0,325.6,102.06
203,127.14,4.25,7.08,51.3,363.69,1125.42,0.0,1540.41,54.4,68.0,1087.69,1359.61,153.59,191.99,345.6,196.76,40.93,304.67,223.2
204,141.62,5.14,7.12,51.3,451.28,1362.35,0.0,1864.93,73.37,91.71,1105.43,1381.79,155.28,194.1,345.6,265.35,55.19,290.41,315.79
205,164.15,4.92,7.16,51.3,606.29,1303.12,0.0,1960.71,89.4,111.76,1128.04,1410.05,157.51,196.89,345.6,323.37,67.26,278.34,401.51
206,177.03,3.35,7.21,51.3,705.12,888.49,0.0,1644.91,80.89,101.11,1151.69,1439.61,159.76,199.7,345.6,292.56,60.85,284.75,355.08
207,188.29,2.24,7.26,51.3,797.72,592.33,0.0,1441.35,75.39,94.23,1173.4,1466.75,161.63,202.04,345.6,272.67,56.72,288.88,326.2
208,193.12,-1.34,7.31,51.3,839.15,-355.4,0.0,535.06,28.7,35.88,1187.85,1484.82,162.44,203.05,345.6,103.82,21.59,324.01,110.73
209,178.64,-5.36,7.36,51.3,718.0,-1421.58,0.0,-652.28,-32.37,-40.46,1187.34,1484.18,161.23,201.54,345.6,-117.07,-24.35,369.95,-109.36
210,154.5,-6.48,7.41,51.3,537.06,-1717.75,0.0,-1129.39,-48.47,-60.59,1176.12,1470.15,158.71,198.39,345.6,-175.31,-36.46,382.06,-158.57
211,131.97,-5.59,7.45,51.3,391.84,-1480.82,0.0,-1037.68,-38.04,-47.55,1164.1,1455.13,156.25,195.31,345.6,-137.58,-28.62,374.22,-127.06
212,114.26,-3.35,7.48,51.3,293.76,-888.49,0.0,-543.43,-17.25,-21.56,1156.42,1445.53,154.51,193.14,345.6,-62.39,-12.98,358.58,-60.13
213,107.83,-2.24,7.52,51.3,261.59,-592.33,0.0,-279.43,-8.37,-10.46,1152.87,1441.08,153.4,191.75,345.6,-30.27,-6.3,351.9,-29.73
214,98.17,-1.12,7.54,51.3,216.84,-296.16,0.0,-28.02,-0.76,-0.96,1151.6,1439.5,152.65,190.81,345.6,-2.76,-0.57,346.17,-2.76
215,99.78,0.45,7.57,51.3,224.01,118.47,0.0,393.77,10.91,13.64,1153.01,1441.26,152.28,190.35,345.6,39.47,8.21,337.39,40.44
216,101.39,0.45,7.6,51.3,231.29,118.47,0.0,401.06,11.3,14.12,1156.09,1445.11,152.13,190.16,345.6,40.85,8.5,337.1,41.88
217,103.0,-0.67,7.63,51.3,238.69,-177.7,0.0,112.29,3.21,4.02,1158.11,1447.63,151.83,189.78,345.6,11.62,2.42,343.18,11.7
218,96.56,0.45,7.66,51.3,209.79,118.47,0.0,379.55,10.18,12.73,1159.97,1449.96,151.52,189.4,345.6,36.82,7.66,337.94,37.66
219,106.22,4.47,7.68,51.3,253.84,1184.65,0.0,1489.8,43.96,54.94,1167.49,1459.36,151.94,189.93,345.6,158.98,33.07,312.53,175.81
220,128.75,5.81,7.72,51.3,372.96,1540.05,0.0,1964.31,70.25,87.81,1183.35,1479.18,153.36,191.7,345.6,254.09,52.85,292.75,299.96
221,148.06,4.92,7.75,51.3,493.23,1303.12,0.0,1847.65,75.99,94.99,1203.66,1504.57,155.21,194.02,345.6,274.85,57.17,288.43,329.32
222,164.15,4.02,7.8,51.3,606.29,1066.19,0.0,1723.78,78.6,98.25,1225.13,1531.41,157.11,196.38,345.6,284.29,59.13,286.47,342.97
223,177.03,1.12,7.85,51.3,705.12,296.16,0.0,1052.58,51.76,64.7,1243.23,1554.04,158.46,198.08,345.6,187.21,38.94,306.66,210.98
224,172.2,-0.89,7.89,51.3,667.18,-236.93,0.0,481.55,23.03,28.79,1253.62,1567.03,158.81,198.51,345.6,83.31,17.33,328.27,87.71
225,170.59,-0.45,7.94,51.3,654.77,-118.47,0.0,587.61,27.84,34.81,1260.69,1575.86,158.74,198.43,345.6,100.71,20.95,324.65,107.21
226,168.98,1.79,7.99,51.3,642.48,473.86,0.0,1167.64,54.81,68.51,1272.17,1590.21,159.24,199.05,345.6,198.23,41.23,304.37,225.09
227,183.46,4.02,8.04,51.3,757.33,1066.19,0.0,1874.82,95.55,119.43,1293.05,1616.31,160.87,201.09,345.6,345.58,71.88,273.72,436.33
228,197.95,2.46,8.09,51.3,881.63,651.56,0.0,1584.49,87.12,108.91,1318.42,1648.03,162.95,203.69,345.6,315.12,65.55,280.05,388.87
229,201.17,-2.01,8.15,51.3,910.54,-533.09,0.0,428.74,23.96,29.95,1333.85,1667.31,163.74,204.67,345.6,86.65,18.02,327.58,91.42
230,183.46,-6.93,8.2,51.3,757.33,-1836.21,0.0,-1027.58,-52.37,-65.46,1329.9,1662.38,162.19,202.74,345.6,-189.41,-39.4,385.0,-170.03
231,151.28,-8.27,8.25,51.3,514.91,-2191.61,0.0,-1625.4,-68.3,-85.38,1313.14,1641.43,159.24,199.06,345.6,-247.04,-51.38,396.98,-215.06
232,123.92,-6.48,8.28,51.3,345.51,-1717.75,0.0,-1320.94,-45.47,-56.84,1297.34,1621.68,156.6,195.75,345.6,-164.46,-34.21,379.81,-149.65
233,104.61,-4.47,8.32,51.3,246.21,-1184.65,0.0,-887.14,-25.78,-32.22,1287.45,1609.31,154.81,193.52,345.6,-93.24,-19.39,364.99,-88.28
234,91.73,-2.24,8.34,51.3,189.33,-592.33,0.0,-351.69,-8.96,-11.2,1282.62,1603.28,153.73,192.16,345.6,-32.41,-6.74,352.34,-31.79
235,88.51,1.79,8.37,51.3,176.28,473.86,0.0,701.44,17.25,21.56,1283.77,1604.72,153.41,191.76,345.6,62.38,12.97,332.63,64.81
236,104.61,5.59,8.4,51.3,246.21,1480.82,0.0,1778.33,51.67,64.59,1293.35,1616.68,154.06,192.57,345.6,186.9,38.87,306.73,210.59
237,128.75,6.48,8.43,51.3,372.96,1717.75,0.0,2142.0,76.6,95.76,1311.16,1638.95,155.58,194.47,345.6,277.07,57.63,287.97,332.52
238,151.28,5.59,8.47,51.3,514.91,1480.82,0.0,2047.03,86.02,107.52,1333.75,1667.19,157.53,196.92,345.6,311.12,64.71,280.89,382.8
239,168.98,4.47,8.51,51.3,642.48,1184.65,0.0,1878.43,88.17,110.21,1357.94,1697.43,159.55,199.44,345.6,318.91,66.33,279.27,394.66
240,183.46,3.58,8.56,51.3,757.33,947.72,0.0,1756.36,89.51,111.89,1382.62,1728.27,161.52,201.9,345.6,323.74,67.34,278.26,402.09
241,194.73,3.13,8.61,51.3,853.2,829.26,0.0,1733.75,93.78,117.23,1408.08,1760.1,163.49,204.37,345.6,339.2,70.55,275.05,426.21
242,206.0,2.46,8.67,51.3,954.77,651.56,0.0,1657.63,94.85,118.56,1434.28,1792.84,165.47,206.83,345.6,343.07,71.36,274.24,432.33
243,212.43,-1.12,8.73,51.3,1015.37,-296.16,0.0,770.51,45.47,56.83,1453.76,1817.21,166.6,208.25,345.6,164.45,34.21,311.39,182.51
244,197.95,-5.81,8.78,51.3,881.63,-1540.05,0.0,-607.11,-33.38,-41.73,1455.44,1819.3,165.71,207.13,345.6,-120.74,-25.11,370.71,-112.56
245,170.59,-8.27,8.83,51.3,654.77,-2191.61,0.0,-1485.54,-70.39,-87.99,1441.03,1801.29,163.12,203.9,345.6,-254.61,-52.96,398.56,-220.78
246,138.4,-7.6,8.88,51.3,431.0,-2013.91,0.0,-1531.61,-58.88,-73.6,1423.07,1778.84,160.3,200.38,345.6,-212.98,-44.3,389.9,-188.78
247,115.87,-5.59,8.91,51.3,302.09,-1480.82,0.0,-1127.42,-36.29,-45.36,1409.86,1762.32,158.19,197.73,345.6,-131.25,-27.3,372.9,-121.64
248,98.17,-2.91,8.94,51.3,216.84,-770.02,0.0,-501.89,-13.69,-17.11,1402.92,1753.64,156.88,196.11,345.6,-49.5,-10.3,355.9,-48.07
249,94.95,1.79,8.97,51.3,202.85,473.86,0.0,728.01,19.2,24.0,1403.68,1754.6,156.5,195.63,345.6,69.45,14.45,331.15,72.48
250,111.04,4.92,9.0,51.3,277.44,1303.12,0.0,1631.86,50.34,62.92,1413.34,1766.67,157.08,196.35,345.6,182.06,37.87,307.73,204.46
251,130.36,5.36,9.03,51.3,382.34,1421.58,0.0,1855.22,67.18,83.97,1429.66,1787.08,158.3,197.88,345.6,242.98,50.54,295.06,284.59
252,149.67,3.58,9.07,51.3,504.02,947.72,0.0,1503.04,62.49,78.11,1447.67,1809.59,159.61,199.51,345.6,226.01,47.01,298.59,261.6
253,156.11,-2.91,9.11,51.3,548.3,-770.02,0.0,-170.42,-7.39,-9.24,1455.32,1819.15,159.7,199.63,345.6,-26.73,-5.56,351.16,-26.31
254,128.75,-7.6,9.15,51.3,372.96,-2013.91,0.0,-1589.65,-56.85,-71.06,1446.4,1808.0,158.04,197.55,345.6,-205.62,-42.77,388.37,-182.98
255,101.39,-7.15,9.18,51.3,231.29,-1895.44,0.0,-1612.85,-45.42,-56.78,1432.2,1790.24,155.94,194.93,345.6,-164.29,-34.17,379.77,-149.51
256,77.25,-5.59,9.21,51.3,134.26,-1480.82,0.0,-1295.25,-27.79,-34.74,1422.03,1777.53,154.42,193.02,345.6,-100.53,-20.91,366.51,-94.79
257,61.15,-3.8,9.23,51.3,84.15,-1006.96,0.0,-871.51,-14.8,-18.51,1416.11,1770.14,153.45,191.82,345.6,-53.55,-11.14,356.74,-51.88
258,49.89,-0.45,9.24,51.3,56.0,-118.47,0.0,-11.16,-0.15,-0.19,1414.03,1767.54,152.97,191.22,345.6,-0.56,-0.12,345.72,-0.56
259,57.94,3.35,9.26,51.3,75.52,888.49,0.0,1015.31,16.34,20.42,1416.28,1770.35,152.97,191.21,345.6,59.1,12.29,333.31,61.28
260,74.03,4.69,9.28,51.3,123.31,1243.89,0.0,1418.49,29.17,36.46,1422.6,1778.25,153.35,191.68,345.6,105.5,21.94,323.66,112.66
261,91.73,5.81,9.3,51.3,189.33,1540.05,0.0,1780.68,45.37,56.72,1432.95,1791.19,154.08,192.6,345.6,164.11,34.14,311.46,182.1
262,115.87,6.04,9.33,51.3,302.09,1599.28,0.0,1952.68,62.85,78.56,1447.99,1809.98,155.22,194.02,345.6,227.32,47.28,298.32,263.35
263,135.18,5.81,9.36,51.3,411.18,1540.05,0.0,2002.53,75.2,94.0,1467.16,1833.95,156.69,195.86,345.6,271.98,56.57,289.03,325.22
264,157.72,5.59,9.4,51.3,559.67,1480.82,0.0,2091.78,91.64,114.55,1490.33,1862.91,158.47,198.09,345.6,331.45,68.94,276.66,414.05
265,175.42,3.8,9.45,51.3,692.36,1006.96,0.0,1750.61,85.3,106.63,1514.91,1893.63,160.3,200.37,345.6,308.53,64.17,281.43,378.89
266,185.07,-2.68,9.5,51.3,770.68,-710.79,0.0,111.19,5.72,7.15,1527.55,1909.43,160.78,200.98,345.6,20.67,4.3,341.3,20.94
267,156.11,-7.6,9.55,51.3,548.3,-2013.91,0.0,-1414.31,-61.33,-76.66,1519.82,1899.78,159.18,198.97,345.6,-221.82,-46.14,391.74,-195.69
268,130.36,-6.71,9.59,51.3,382.34,-1776.98,0.0,-1343.34,-48.64,-60.8,1504.55,1880.69,156.92,196.15,345.6,-175.94,-36.59,382.19,-159.09
269,107.83,-5.59,9.62,51.3,261.59,-1480.82,0.0,-1167.92,-34.98,-43.73,1492.94,1866.17,155.18,193.97,345.6,-126.52,-26.32,371.92,-117.57
270,90.12,-3.13,9.65,51.3,182.75,-829.26,0.0,-595.21,-14.9,-18.63,1486.01,1857.51,154.02,192.52,345.6,-53.89,-11.21,356.81,-52.2
271,85.3,-0.22,9.67,51.3,163.69,-59.23,0.0,155.76,3.69,4.61,1484.45,1855.56,153.47,191.83,345.6,13.35,2.78,342.82,13.46
272,88.51,-0.67,9.7,51.3,176.28,-177.7,0.0,49.88,1.23,1.53,1485.13,1856.42,153.15,191.44,345.6,4.44,0.92,344.68,4.45
273,80.47,-0.89,9.72,51.3,145.69,-236.93,0.0,-39.94,-0.89,-1.12,1485.18,1856.47,152.79,190.99,345.6,-3.23,-0.67,346.27,-3.22
274,82.08,2.68,9.74,51.3,151.57,710.79,0.0,913.66,20.83,26.04,1487.95,1859.94,152.72,190.9,345.6,75.34,15.67,329.93,78.92
275,99.78,1.79,9.77,51.3,224.01,473.86,0.0,749.17,20.76,25.96,1493.73,1867.16,152.92,191.15,345.6,75.1,15.62,329.98,78.66
276,94.95,-0.22,9.8,51.3,202.85,-59.23,0.0,194.92,5.14,6.43,1497.32,1871.65,152.86,191.08,345.6,18.59,3.87,341.73,18.81
277,98.17,2.91,9.82,51.3,216.84,770.02,0.0,1038.16,28.31,35.39,1501.97,1877.46,152.92,191.15,345.6,102.39,21.3,324.3,109.12
278,115.87,2.46,9.85,51.3,302.09,651.56,0.0,1004.95,32.35,40.43,1510.39,1887.99,153.31,191.64,345.6,116.99,24.33,321.27,125.85
279,115.87,-0.22,9.88,51.3,302.09,-59.23,0.0,294.16,9.47,11.84,1516.2,1895.25,153.4,191.75,345.6,34.25,7.12,338.48,34.97
280,114.26,1.34,9.92,51.3,293.76,355.4,0.0,700.46,22.23,27.79,1520.6,1900.76,153.35,191.69,345.6,80.41,16.73,328.87,84.5
281,125.53,4.02,9.95,51.3,354.54,1066.19,0.0,1472.03,51.33,64.16,1530.82,1913.53,153.86,192.33,345.6,185.65,38.61,306.99,209.0
282,143.23,4.25,9.99,51.3,461.59,1125.42,0.0,1638.31,65.18,81.48,1547.0,1933.75,154.91,193.63,345.6,235.76,49.04,296.56,274.74
283,156.11,2.24,10.03,51.3,548.3,592.33,0.0,1191.93,51.69,64.61,1563.24,1954.04,155.88,194.85,345.6,186.94,38.88,306.72,210.64
284,159.32,-1.12,10.07,51.3,571.15,-296.16,0.0,326.28,14.44,18.05,1572.42,1965.52,156.12,195.15,345.6,52.23,10.86,334.74,53.92
285,148.06,-1.56,10.11,51.3,493.23,-414.63,0.0,129.91,5.34,6.68,1575.17,1968.96,155.73,194.66,345.6,19.32,4.02,341.58,19.55
286,148.06,0.45,10.16,51.3,493.23,118.47,0.0,663.0,27.27,34.08,1579.7,1974.62,155.55,194.43,345.6,98.62,20.51,325.09,104.85
287,151.28,-0.45,10.2,51.3,514.91,-118.47,0.0,447.75,18.82,23.52,1586.1,1982.62,155.54,194.42,345.6,68.05,14.15,331.45,70.96
288,144.84,-1.56,10.24,51.3,472.02,-414.63,0.0,108.69,4.37,5.47,1589.32,1986.65,155.23,194.04,345.6,15.82,3.29,342.31,15.97
289,140.01,0.89,10.28,51.3,441.08,236.93,0.0,729.31,28.36,35.46,1593.86,1992.33,155.07,193.84,345.6,102.59,21.34,324.26,109.34
290,151.28,1.34,10.32,51.3,514.91,355.4,0.0,921.61,38.73,48.41,1603.18,2003.98,155.37,194.21,345.6,140.07,29.14,316.46,152.97
291,149.67,-3.58,10.36,51.3,504.02,-947.72,0.0,-392.41,-16.31,-20.39,1606.3,2007.87,155.04,193.8,345.6,-59.01,-12.27,357.87,-56.98
292,125.53,-5.59,10.4,51.3,354.54,-1480.82,0.0,-1074.97,-37.48,-46.85,1598.82,1998.53,153.75,192.19,345.6,-135.57,-28.2,373.8,-125.35
293,109.44,-1.56,10.43,51.3,269.46,-414.63,0.0,-93.87,-2.85,-3.57,1593.22,1991.53,152.74,190.92,345.6,-10.32,-2.15,347.75,-10.26
294,114.26,3.35,10.46,51.3,293.76,888.49,0.0,1233.55,39.15,48.94,1598.26,1997.83,152.76,190.96,345.6,141.61,29.46,316.14,154.8
295,133.58,5.36,10.5,51.3,401.45,1421.58,0.0,1874.34,69.55,86.93,1613.36,2016.7,153.7,192.13,345.6,251.54,52.32,293.28,296.41
296,152.89,3.13,10.54,51.3,525.93,829.26,0.0,1406.48,59.73,74.66,1631.32,2039.14,154.83,193.53,345.6,216.04,44.94,300.66,248.33
297,156.11,1.12,10.58,51.3,548.3,296.16,0.0,895.77,38.84,48.55,1645.01,2056.26,155.49,194.36,345.6,140.49,29.22,316.38,153.47
298,160.93,1.79,10.62,51.3,582.74,473.86,0.0,1107.91,49.53,61.91,1657.28,2071.6,156.0,195.0,345.6,179.14,37.26,308.34,200.78
299,168.98,2.01,10.67,51.3,642.48,533.09,0.0,1226.87,57.59,71.99,1672.16,2090.2,156.73,195.91,345.6,208.29,43.32,302.28,238.14
300,175.42,-0.89,10.72,51.3,692.36,-236.93,0.0,506.73,24.69,30.86,1683.58,2104.48,157.09,196.37,345.6,89.31,18.58,327.02,94.38
301,162.54,-3.58,10.76,51.3,594.46,-947.72,0.0,-301.96,-13.63,-17.04,1685.12,2106.4,156.55,195.69,345.6,-49.31,-10.26,355.86,-47.89
302,149.67,-1.56,10.81,51.3,504.02,-414.63,0.0,140.69,5.85,7.31,1684.04,2105.05,155.82,194.78,345.6,21.16,4.4,341.2,21.43
303,151.28,0.22,10.85,51.3,514.91,59.23,0.0,625.45,26.28,32.85,1688.5,2110.63,155.63,194.54,345.6,95.06,19.77,325.83,100.83
304,151.28,-0.45,10.89,51.3,514.91,-118.47,0.0,447.75,18.82,23.52,1694.77,2118.46,155.61,194.51,345.6,68.05,14.15,331.45,70.96
305,148.06,1.12,10.93,51.3,493.23,296.16,0.0,840.7,34.58,43.22,1702.18,2127.73,155.7,194.62,345.6,125.06,26.01,319.59,135.24
306,159.32,3.58,10.98,51.3,571.15,947.72,0.0,1570.17,69.49,86.86,1716.63,2145.79,156.41,195.51,345.6,251.34,52.28,293.32,296.14
307,173.81,1.79,11.02,51.3,679.71,473.86,0.0,1204.87,58.17,72.71,1734.37,2167.96,157.36,196.7,345.6,210.4,43.76,301.84,240.91
308,172.2,-1.12,11.07,51.3,667.18,-296.16,0.0,422.32,20.2,25.25,1745.25,2181.56,157.66,197.07,345.6,73.06,15.2,330.4,76.43
309,165.76,0.0,11.12,51.3,618.23,0.0,0.0,669.53,30.83,38.54,1752.34,2190.42,157.63,197.04,345.6,111.5,23.19,322.41,119.53
310,172.2,1.79,11.16,51.3,667.18,473.86,0.0,1192.35,57.03,71.29,1764.54,2205.68,158.06,197.58,345.6,206.28,42.91,302.69,235.53
311,178.64,-2.24,11.21,51.3,718.0,-592.33,0.0,176.97,8.78,10.98,1773.68,2217.1,158.19,197.74,345.6,31.76,6.61,338.99,32.38
312,156.11,-6.48,11.26,51.3,548.3,-1717.75,0.0,-1118.14,-48.49,-60.61,1768.17,2210.21,157.05,196.31,345.6,-175.37,-36.48,382.08,-158.63
313,131.97,-5.59,11.3,51.3,391.84,-1480.82,0.0,-1037.68,-38.04,-47.55,1756.15,2195.19,155.43,194.28,345.6,-137.58,-28.62,374.22,-127.06
314,115.87,-2.68,11.33,51.3,302.09,-710.79,0.0,-357.4,-11.5,-14.38,1749.27,2186.59,154.35,192.93,345.6,-41.61,-8.65,354.25,-40.59
315,112.65,1.12,11.37,51.3,285.54,296.16,0.0,633.01,19.81,24.76,1750.42,2188.03,154.02,192.52,345.6,71.65,14.9,330.7,74.87
316,123.92,3.35,11.4,51.3,345.51,888.49,0.0,1285.3,44.24,55.3,1759.32,2199.15,154.35,192.94,345.6,160.02,33.28,312.32,177.07
317,136.79,4.25,11.43,51.3,421.03,1125.42,0.0,1597.75,60.71,75.89,1773.9,2217.37,155.14,193.93,345.6,219.59,45.67,299.93,253.03
318,154.5,4.25,11.47,51.3,537.06,1125.42,0.0,1713.78,73.55,91.94,1792.54,2240.68,156.22,195.27,345.6,266.02,55.33,290.27,316.72
319,167.37,3.8,11.52,51.3,630.3,1006.96,0.0,1688.55,78.5,98.13,1813.66,2267.08,157.45,196.81,345.6,283.94,59.06,286.54,342.47
320,181.86,3.13,11.57,51.3,744.11,829.26,0.0,1624.66,82.07,102.59,1835.96,2294.95,158.71,198.39,345.6,296.84,61.74,283.86,361.41
321,189.9,1.56,11.62,51.3,811.41,414.63,0.0,1277.34,67.38,84.23,1856.72,2320.9,159.79,199.74,345.6,243.71,50.69,294.91,285.6
322,193.12,-3.13,11.67,51.3,839.15,-829.26,0.0,61.19,3.28,4.1,1866.53,2333.17,159.91,199.88,345.6,11.87,2.47,343.13,11.96
323,167.37,-7.15,11.72,51.3,630.3,-1895.44,0.0,-1213.85,-56.43,-70.54,1859.15,2323.94,158.59,198.24,345.6,-204.12,-42.46,388.06,-181.79
324,141.62,-6.26,11.77,51.3,451.28,-1658.51,0.0,-1155.94,-45.47,-56.84,1845.0,2306.25,156.81,196.02,345.6,-164.47,-34.21,379.81,-149.66
325,122.31,-4.47,11.8,51.3,336.59,-1184.65,0.0,-796.76,-27.07,-33.84,1834.92,2293.65,155.47,194.34,345.6,-97.91,-20.37,365.97,-92.46
326,109.44,-3.13,11.83,51.3,269.46,-829.26,0.0,-508.5,-15.46,-19.32,1829.02,2286.27,154.55,193.19,345.6,-55.91,-11.63,357.23,-54.09
327,99.78,-1.79,11.86,51.3,224.01,-473.86,0.0,-198.55,-5.5,-6.88,1826.11,2282.63,153.93,192.41,345.6,-19.9,-4.14,349.74,-19.67
328,96.56,0.0,11.89,51.3,209.79,0.0,0.0,261.09,7.0,8.75,1826.31,2282.89,153.59,191.99,345.6,25.33,5.27,340.33,25.72
329,99.78,1.34,11.92,51.3,224.01,355.4,0.0,630.7,17.48,21.85,1829.71,2287.14,153.52,191.91,345.6,63.23,13.15,332.45,65.73
330,106.22,0.22,11.95,51.3,253.84,59.23,0.0,364.38,10.75,13.44,1833.64,2292.04,153.49,191.86,345.6,38.88,8.09,337.51,39.82
331,101.39,-0.22,11.98,51.3,231.29,-59.23,0.0,223.36,6.29,7.86,1836.0,2295.0,153.31,191.64,345.6,22.75,4.73,340.87,23.07
332,104.61,3.35,12.0,51.3,246.21,888.49,0.0,1186.0,34.46,43.08,1841.66,2302.08,153.42,191.77,345.6,124.65,25.93,319.67,134.76
333,125.53,5.36,12.04,51.3,354.54,1421.58,0.0,1827.43,63.72,79.65,1855.3,2319.12,154.14,192.68,345.6,230.47,47.94,297.66,267.59
334,143.23,4.25,12.07,51.3,461.59,1125.42,0.0,1638.31,65.18,81.48,1873.2,2341.5,155.15,193.94,345.6,235.76,49.04,296.56,274.74
335,156.11,4.25,12.11,51.3,548.3,1125.42,0.0,1725.02,74.8,93.5,1892.64,2365.81,156.22,195.28,345.6,270.55,56.27,289.33,323.17
336,173.81,2.46,12.16,51.3,679.71,651.56,0.0,1382.57,66.75,83.44,1912.3,2390.38,157.25,196.56,345.6,241.43,50.22,295.38,282.48
337,173.81,-0.89,12.21,51.3,679.71,-236.93,0.0,494.08,23.85,29.82,1924.89,2406.11,157.66,197.08,345.6,86.28,17.95,327.65,91.0
338,167.37,-1.34,12.26,51.3,630.3,-355.4,0.0,326.2,15.17,18.96,1930.31,2412.88,157.49,196.87,345.6,54.85,11.41,334.19,56.73
339,164.15,1.34,12.3,51.3,606.29,355.4,0.0,1012.98,46.19,57.74,1938.83,2423.54,157.6,197.0,345.6,167.06,34.75,310.85,185.74
340,177.03,3.8,12.35,51.3,705.12,1006.96,0.0,1763.38,86.71,108.39,1957.29,2446.61,158.49,198.11,345.6,313.63,65.24,280.36,386.61
341,191.51,3.58,12.4,51.3,825.22,947.72,0.0,1824.25,97.05,121.31,1982.81,2478.51,159.89,199.86,345.6,351.0,73.01,272.59,445.01
342,202.78,0.89,12.46,51.3,925.17,236.93,0.0,1213.4,68.35,85.43,2005.78,2507.23,161.03,201.29,345.6,247.2,51.42,294.18,290.41
343,197.95,-5.36,12.51,51.3,881.63,-1421.58,0.0,-488.65,-26.87,-33.59,2011.54,2514.43,160.78,200.97,345.6,-97.18,-20.21,365.81,-91.81
344,164.15,-8.94,12.56,51.3,606.29,-2369.31,0.0,-1711.72,-78.05,-97.56,1996.97,2496.21,158.97,198.71,345.6,-282.3,-58.72,404.32,-241.3
345,133.58,-7.82,12.6,51.3,401.45,-2073.14,0.0,-1620.39,-60.12,-75.15,1977.78,2472.22,156.93,196.16,345.6,-217.46,-45.23,390.83,-192.29
346,107.83,-5.59,12.64,51.3,261.59,-1480.82,0.0,-1167.92,-34.98,-43.73,1964.57,2455.71,155.47,194.33,345.6,-126.52,-26.32,371.92,-117.57
347,93.34,-3.13,12.66,51.3,196.04,-829.26,0.0,-581.92,-15.09,-18.86,1957.62,2447.02,154.57,193.22,345.6,-54.57,-11.35,356.95,-52.84
348,85.3,0.89,12.69,51.3,163.69,236.93,0.0,451.92,10.71,13.38,1957.01,2446.26,154.22,192.78,345.6,38.73,8.06,337.54,39.65
349,99.78,5.14,12.72,51.3,224.01,1362.35,0.0,1637.66,45.39,56.74,1964.8,2456.0,154.52,193.16,345.6,164.17,34.15,311.45,182.17
350,122.31,6.48,12.75,51.3,336.59,1717.75,0.0,2105.64,71.54,89.42,1981.04,2476.3,155.42,194.28,345.6,258.75,53.82,291.78,306.48
351,146.45,5.59,12.78,51.3,482.57,1480.82,0.0,2014.69,81.96,102.45,2002.36,2502.95,156.64,195.8,345.6,296.44,61.66,283.94,360.81
352,162.54,4.69,12.83,51.3,594.46,1243.89,0.0,1889.64,85.32,106.65,2025.59,2531.99,157.93,197.41,345.6,308.59,64.19,281.41,378.98
353,180.25,3.8,12.87,51.3,730.99,1006.96,0.0,1789.25,89.58,111.98,2049.88,2562.35,159.23,199.04,345.6,324.02,67.4,278.2,402.51
354,189.9,2.91,12.93,51.3,811.41,770.02,0.0,1632.74,86.13,107.66,2074.29,2592.86,160.48,200.6,345.6,311.52,64.8,280.8,383.4
355,201.17,2.91,12.98,51.3,910.54,770.02,0.0,1731.86,96.78,120.97,2099.69,2624.61,161.77,202.21,345.6,350.03,72.81,272.79,443.45
356,210.82,0.22,13.04,51.3,1000.05,59.23,0.0,1110.58,65.04,81.3,2122.17,2652.71,162.78,203.48,345.6,235.24,48.93,296.67,274.03
357,202.78,-4.92,13.09,51.3,925.17,-1303.12,0.0,-326.65,-18.4,-23.0,2128.64,2660.8,162.56,203.2,345.6,-66.55,-13.84,359.44,-63.99
358,175.42,-7.6,13.15,51.3,692.36,-2013.91,0.0,-1270.25,-61.9,-77.37,2117.49,2646.86,161.07,201.33,345.6,-223.87,-46.57,392.17,-197.29
359,148.06,-7.6,13.19,51.3,493.23,-2013.91,0.0,-1469.38,-60.43,-75.54,2100.5,2625.63,159.23,199.04,345.6,-218.58,-45.46,391.06,-193.16
360,120.7,-7.38,13.23,51.3,327.79,-1954.68,0.0,-1575.58,-52.83,-66.03,2084.77,2605.96,157.59,196.99,345.6,-191.07,-39.74,385.34,-171.36
361,94.95,-3.8,13.26,51.3,202.85,-1006.96,0.0,-752.8,-19.86,-24.82,2074.68,2593.35,156.47,195.59,345.6,-71.81,-14.94,360.54,-68.84
362,93.34,2.01,13.29,51.3,196.04,533.09,0.0,780.43,20.24,25.29,2074.73,2593.41,156.17,195.21,345.6,73.19,15.22,330.38,76.56
363,109.44,4.69,13.31,51.3,269.46,1243.89,0.0,1564.65,47.56,59.45,2084.15,2605.18,156.55,195.68,345.6,172.03,35.78,309.82,191.9
364,127.14,4.69,13.35,51.3,363.69,1243.89,0.0,1658.88,58.59,73.23,2098.89,2623.61,157.27,196.58,345.6,211.9,44.07,301.53,242.87
365,143.23,4.47,13.38,51.3,461.59,1184.65,0.0,1697.54,67.54,84.42,2116.41,2645.51,158.13,197.67,345.6,244.28,50.81,294.79,286.39
366,159.32,0.22,13.43,51.3,571.15,59.23,0.0,681.68,30.17,37.71,2129.98,2662.47,158.65,198.31,345.6,109.12,22.7,322.9,116.79
367,144.84,-6.26,13.47,51.3,472.02,-1658.51,0.0,-1135.19,-45.67,-57.09,2127.82,2659.78,157.99,197.49,345.6,-165.19,-34.36,379.96,-150.25
368,114.26,-8.27,13.5,51.3,293.76,-2191.61,0.0,-1846.55,-58.61,-73.26,2113.34,2641.67,156.5,195.62,345.6,-211.98,-44.09,389.69,-188.0
369,85.3,-6.48,13.53,51.3,163.69,-1717.75,0.0,-1502.75,-35.6,-44.51,2100.25,2625.32,155.21,194.01,345.6,-128.78,-26.79,372.39,-119.52
370,67.59,-4.25,13.55,51.3,102.8,-1125.42,0.0,-971.32,-18.24,-22.8,2092.78,2615.97,154.42,193.02,345.6,-65.96,-13.72,359.32,-63.44
371,54.72,-1.56,13.57,51.3,67.37,-414.63,0.0,-295.96,-4.5,-5.62,2089.62,2612.02,153.99,192.49,345.6,-16.27,-3.38,348.98,-16.11
372,56.33,2.24,13.59,51.3,71.39,592.33,0.0,715.01,11.19,13.98,2090.55,2613.18,153.88,192.35,345.6,40.46,8.42,337.18,41.47
373,70.81,3.8,13.6,51.3,112.82,1006.96,0.0,1171.07,23.03,28.79,2095.3,2619.13,154.03,192.54,345.6,83.31,17.33,328.27,87.71
374,83.69,5.36,13.62,51.3,157.57,1421.58,0.0,1630.46,37.9,47.38,2103.76,2629.7,154.41,193.01,345.6,137.09,28.51,317.09,149.41
375,109.44,6.71,13.65,51.3,269.46,1776.98,0.0,2097.74,63.77,79.71,2117.88,2647.36,155.14,193.93,345.6,230.64,47.97,297.63,267.82
376,131.97,5.59,13.68,51.3,391.84,1480.82,0.0,1923.95,70.53,88.16,2136.54,2670.67,156.13,195.16,345.6,255.09,53.06,292.54,301.35
377,149.67,5.14,13.72,51.3,504.02,1362.35,0.0,1917.67,79.73,99.66,2157.41,2696.76,157.2,196.5,345.6,288.36,59.98,285.62,348.92
378,168.98,4.92,13.77,51.3,642.48,1303.12,0.0,1996.89,93.73,117.17,2181.5,2726.87,158.45,198.06,345.6,339.02,70.52,275.08,425.93
379,185.07,0.22,13.82,51.3,770.68,59.23,0.0,881.21,45.3,56.63,2200.81,2751.01,159.28,199.1,345.6,163.86,34.08,311.52,181.78
380,170.59,-6.71,13.87,51.3,654.77,-1776.98,0.0,-1070.91,-50.75,-63.43,2200.05,2750.06,158.66,198.32,345.6,-183.54,-38.18,383.78,-165.29
381,136.79,-8.05,13.91,51.3,421.03,-2132.38,0.0,-1660.04,-63.08,-78.85,2184.24,2730.3,157.03,196.29,345.6,-228.15,-47.46,393.06,-200.6
382,112.65,-5.59,13.94,51.3,285.54,-1480.82,0.0,-1143.97,-35.8,-44.75,2170.51,2713.14,155.66,194.57,345.6,-129.48,-26.93,372.53,-120.12
383,96.56,-1.56,13.97,51.3,209.79,-414.63,0.0,-153.54,-4.12,-5.15,2164.97,2706.21,154.94,193.67,345.6,-14.9,-3.1,348.7,-14.76
384,101.39,-1.56,14.0,51.3,231.29,-414.63,0.0,-132.04,-3.72,-4.65,2163.88,2704.85,154.56,193.2,345.6,-13.45,-2.8,348.4,-13.34
385,85.3,-2.46,14.03,51.3,163.69,-651.56,0.0,-436.57,-10.34,-12.93,2161.92,2702.4,154.13,192.66,345.6,-37.41,-7.78,353.38,-36.59
386,83.69,-0.89,14.05,51.3,157.57,-236.93,0.0,-28.06,-0.65,-0.82,2160.4,2700.5,153.77,192.21,345.6,-2.36,-0.49,346.09,-2.36
387,78.86,1.79,14.07,51.3,139.92,473.86,0.0,665.08,14.57,18.21,2162.33,2702.91,153.66,192.07,345.6,52.69,10.96,334.64,54.42
388,96.56,2.68,14.1,51.3,209.79,710.79,0.0,971.88,26.07,32.59,2167.97,2709.97,153.79,192.24,345.6,94.29,19.61,325.99,99.96
389,98.17,0.0,14.12,51.3,216.84,0.0,0.0,268.14,7.31,9.14,2172.61,2715.76,153.82,192.28,345.6,26.45,5.5,340.1,26.87
390,96.56,2.46,14.15,51.3,209.79,651.56,0.0,912.65,24.48,30.6,2177.02,2721.28,153.84,192.3,345.6,88.54,18.42,327.18,93.52
391,115.87,2.46,14.18,51.3,302.09,651.56,0.0,1004.95,32.35,40.43,2184.92,2731.15,154.08,192.6,345.6,116.99,24.33,321.27,125.85
392,114.26,-0.22,14.21,51.3,293.76,-59.23,0.0,285.83,9.07,11.34,2190.67,2738.34,154.14,192.67,345.6,32.81,6.83,338.77,33.47
393,114.26,0.67,14.24,51.3,293.76,177.7,0.0,522.76,16.59,20.74,2194.23,2742.79,154.04,192.55,345.6,60.01,12.48,333.12,62.26
394,119.09,2.24,14.28,51.3,319.11,592.33,0.0,962.74,31.85,39.81,2200.96,2751.2,154.17,192.71,345.6,115.19,23.96,321.64,123.77
395,130.36,4.69,14.31,51.3,382.34,1243.89,0.0,1677.52,60.74,75.93,2213.82,2767.28,154.69,193.36,345.6,219.7,45.7,299.9,253.18
396,152.89,3.35,14.35,51.3,525.93,888.49,0.0,1465.72,62.25,77.81,2230.9,2788.63,155.46,194.32,345.6,225.14,46.83,298.77,260.43
397,154.5,-0.67,14.39,51.3,537.06,-177.7,0.0,410.66,17.62,22.03,2242.0,2802.5,155.77,194.71,345.6,63.74,13.26,332.34,66.29
398,148.06,-1.34,14.44,51.3,493.23,-355.4,0.0,189.14,7.78,9.72,2245.53,2806.91,155.56,194.45,345.6,28.14,5.85,339.75,28.62
399,144.84,1.12,14.48,51.3,472.02,296.16,0.0,819.49,32.97,41.21,2251.19,2813.98,155.51,194.39,345.6,119.25,24.8,320.8,128.47
400,156.11,1.12,14.52,51.3,548.3,296.16,0.0,895.77,38.84,48.55,2261.16,2826.45,155.75,194.69,345.6,140.49,29.22,316.38,153.47
401,152.89,-1.79,14.56,51.3,525.93,-473.86,0.0,103.37,4.39,5.49,2267.16,2833.95,155.7,194.63,345.6,15.88,3.3,342.3,16.03
402,143.23,-0.45,14.6,51.3,461.59,-118.47,0.0,394.43,15.69,19.62,2269.95,2837.44,155.46,194.32,345.6,56.76,11.81,333.79,58.77
403,149.67,1.56,14.64,51.3,504.02,414.63,0.0,969.94,40.33,50.41,2277.73,2847.17,155.56,194.44,345.6,145.85,30.34,315.26,159.89
404,154.5,-2.24,14.68,51.3,537.06,-592.33,0.0,-3.97,-0.17,-0.21,2283.31,2854.14,155.49,194.36,345.6,-0.62,-0.13,345.73,-0.62
405,133.58,-5.36,14.72,51.3,401.45,-1421.58,0.0,-968.83,-35.95,-44.93,2278.29,2847.87,154.73,193.41,345.6,-130.02,-27.04,372.64,-120.58
406,115.87,-2.46,14.76,51.3,302.09,-651.56,0.0,-298.16,-9.6,-12.0,2271.97,2839.96,153.93,192.42,345.6,-34.71,-7.22,352.82,-34.0
407,115.87,2.46,14.79,51.3,302.09,651.56,0.0,1004.95,32.35,40.43,2275.13,2843.91,153.81,192.26,345.6,116.99,24.33,321.27,125.85
408,133.58,4.92,14.83,51.3,401.45,1303.12,0.0,1755.87,65.15,81.44,2288.67,2860.84,154.37,192.96,345.6,235.64,49.01,296.59,274.58
409,151.28,2.46,14.87,51.3,514.91,651.56,0.0,1217.77,51.17,63.97,2304.82,2881.03,155.04,193.8,345.6,185.09,38.5,307.1,208.29
410,151.28,-0.22,14.91,51.3,514.91,-59.23,0.0,506.98,21.3,26.63,2314.89,2893.61,155.28,194.1,345.6,77.05,16.03,329.57,80.8
411,149.67,1.56,14.95,51.3,504.02,414.63,0.0,969.94,40.33,50.41,2323.45,2904.31,155.42,194.27,345.6,145.85,30.34,315.26,159.89
412,162.54,2.68,14.99,51.3,594.46,710.79,0.0,1356.55,61.25,76.56,2337.56,2921.95,155.91,194.89,345.6,221.53,46.08,299.52,255.61
413,168.98,-0.45,15.04,51.3,642.48,-118.47,0.0,575.31,27.0,33.76,2349.82,2937.27,156.25,195.31,345.6,97.67,20.32,325.28,103.77
414,159.32,-2.24,15.08,51.3,571.15,-592.33,0.0,30.12,1.33,1.67,2353.75,2942.19,156.04,195.05,345.6,4.82,1.0,344.6,4.84
415,152.89,-1.56,15.13,51.3,525.93,-414.63,0.0,162.6,6.91,8.63,2354.9,2943.62,155.66,194.58,345.6,24.98,5.19,340.41,25.36
416,148.06,0.0,15.17,51.3,493.23,0.0,0.0,544.53,22.4,27.99,2358.97,2948.71,155.5,194.38,345.6,81.0,16.85,328.75,85.15
417,152.89,0.45,15.21,51.3,525.93,118.47,0.0,695.69,29.55,36.93,2366.18,2957.72,155.55,194.44,345.6,106.86,22.23,323.37,114.21
418,151.28,0.22,15.25,51.3,514.91,59.23,0.0,625.45,26.28,32.85,2373.93,2967.42,155.63,194.54,345.6,95.06,19.77,325.83,100.83
419,154.5,2.01,15.3,51.3,537.06,533.09,0.0,1121.45,48.13,60.16,2384.27,2980.33,155.87,194.84,345.6,174.07,36.21,309.39,194.45
420,165.76,2.24,15.34,51.3,618.23,592.33,0.0,1261.86,58.1,72.63,2399.02,2998.78,156.38,195.48,345.6,210.15,43.71,301.89,240.58
421,170.59,0.0,15.39,51.3,654.77,0.0,0.0,706.07,33.46,41.82,2411.74,3014.67,156.73,195.92,345.6,121.01,25.17,320.43,130.52
422,165.76,-0.22,15.43,51.3,618.23,-59.23,0.0,610.3,28.1,35.13,2420.29,3025.36,156.81,196.02,345.6,101.64,21.14,324.46,108.26
423,168.98,2.01,15.48,51.3,642.48,533.09,0.0,1226.87,57.59,71.99,2432.19,3040.24,157.11,196.39,345.6,208.29,43.32,302.28,238.14
424,180.25,-0.67,15.53,51.3,730.99,-177.7,0.0,604.6,30.27,37.84,2444.39,3055.49,157.41,196.76,345.6,109.49,22.77,322.83,117.21
425,164.15,-5.59,15.58,51.3,606.29,-1480.82,0.0,-823.23,-37.54,-46.92,2443.38,3054.23,156.86,196.07,345.6,-135.77,-28.24,373.84,-125.51
426,140.01,-6.26,15.62,51.3,441.08,-1658.51,0.0,-1166.14,-45.35,-56.69,2431.87,3039.84,155.7,194.62,345.6,-164.04,-34.12,379.72,-149.3
427,119.09,-4.02,15.66,51.3,319.11,-1066.19,0.0,-695.78,-23.02,-28.77,2422.37,3027.97,154.73,193.41,345.6,-83.25,-17.32,362.92,-79.28
428,111.04,0.0,15.69,51.3,277.44,0.0,0.0,328.74,10.14,12.68,2420.59,3025.73,154.3,192.88,345.6,36.68,7.63,337.97,37.5
429,119.09,3.58,15.72,51.3,319.11,947.72,0.0,1318.13,43.61,54.51,2428.05,3035.06,154.46,193.08,345.6,157.71,32.8,312.8,174.26
430,136.79,4.69,15.75,51.3,421.03,1243.89,0.0,1716.22,65.21,81.52,2443.16,3053.96,155.07,193.84,345.6,235.87,49.06,296.54,274.89
431,152.89,4.25,15.8,51.3,525.93,1125.42,0.0,1702.65,72.31,90.39,2462.27,3077.83,155.89,194.86,345.6,261.54,54.4,291.2,310.39
432,167.37,3.8,15.84,51.3,630.3,1006.96,0.0,1688.55,78.5,98.13,2483.21,3104.01,156.77,195.97,345.6,283.94,59.06,286.54,342.47
433,180.25,2.91,15.89,51.3,730.99,770.02,0.0,1552.32,77.72,97.15,2504.91,3131.14,157.66,197.08,345.6,281.11,58.47,287.13,338.36
434,188.29,1.79,15.94,51.3,797.72,473.86,0.0,1322.88,69.19,86.49,2525.31,3156.64,158.44,198.05,345.6,250.26,52.05,293.55,294.64
435,193.12,-2.46,15.99,51.3,839.15,-651.56,0.0,238.89,12.82,16.02,2536.7,3170.88,158.62,198.28,345.6,46.35,9.64,335.96,47.68
436,170.59,-6.93,16.04,51.3,654.77,-1836.21,0.0,-1130.14,-53.55,-66.94,2531.05,3163.81,157.77,197.21,345.6,-193.7,-40.29,385.89,-173.47
437,143.23,-6.71,16.09,51.3,461.59,-1776.98,0.0,-1264.09,-50.29,-62.87,2516.62,3145.78,156.45,195.56,345.6,-181.91,-37.84,383.44,-163.96
438,122.31,-4.92,16.12,51.3,336.59,-1303.12,0.0,-915.23,-31.09,-38.87,2505.32,3131.65,155.39,194.24,345.6,-112.47,-23.39,368.99,-105.34
439,107.83,-2.24,16.15,51.3,261.59,-592.33,0.0,-279.43,-8.37,-10.46,2499.84,3124.8,154.74,193.43,345.6,-30.27,-6.3,351.9,-29.73
440,106.22,-0.89,16.18,51.3,253.84,-236.93,0.0,68.21,2.01,2.52,2498.95,3123.69,154.4,193.0,345.6,7.28,1.51,344.09,7.31
441,101.39,-1.12,16.21,51.3,231.29,-296.16,0.0,-13.57,-0.38,-0.48,2499.18,3123.98,154.14,192.68,345.6,-1.38,-0.29,345.89,-1.38
442,98.17,-0.45,16.24,51.3,216.84,-118.47,0.0,149.67,4.08,5.1,2499.7,3124.62,153.91,192.39,345.6,14.76,3.07,342.53,14.89
443,98.17,-0.22,16.27,51.3,216.84,-59.23,0.0,208.91,5.7,7.12,2501.05,3126.32,153.74,192.17,345.6,20.6,4.29,341.31,20.86
444,96.56,-0.22,16.3,51.3,209.79,-59.23,0.0,201.86,5.41,6.77,2502.6,3128.25,153.58,191.97,345.6,19.58,4.07,341.53,19.82
445,96.56,2.68,16.32,51.3,209.79,710.79,0.0,971.88,26.07,32.59,2506.97,3133.71,153.59,191.99,345.6,94.29,19.61,325.99,99.96
446,115.87,5.36,16.35,51.3,302.09,1421.58,0.0,1774.98,57.13,71.41,2518.52,3148.16,154.02,192.53,345.6,206.64,42.98,302.62,235.98
447,135.18,4.92,16.39,51.3,411.18,1303.12,0.0,1765.6,66.3,82.88,2535.67,3169.58,154.74,193.42,345.6,239.8,49.88,295.72,280.25
448,151.28,4.47,16.43,51.3,514.91,1184.65,0.0,1750.87,73.57,91.97,2555.09,3193.87,155.55,194.43,345.6,266.11,55.35,290.25,316.86
449,167.37,3.8,16.47,51.3,630.3,1006.96,0.0,1688.55,78.5,98.13,2576.22,3220.27,156.41,195.52,345.6,283.94,59.06,286.54,342.47
450,178.64,0.0,16.52,51.3,718.0,0.0,0.0,769.3,38.17,47.72,2592.42,3240.53,156.94,196.17,345.6,138.07,28.72,316.88,150.58
451,167.37,-2.46,16.57,51.3,630.3,-651.56,0.0,30.04,1.4,1.75,2597.92,3247.4,156.81,196.02,345.6,5.05,1.05,344.55,5.07
452,160.93,-0.45,16.61,51.3,582.74,-118.47,0.0,515.58,23.05,28.81,2601.31,3251.64,156.59,195.74,345.6,83.36,17.34,328.26,87.77
453,164.15,2.68,16.66,51.3,606.29,710.79,0.0,1368.38,62.4,77.99,2613.18,3266.48,156.88,196.1,345.6,225.68,46.94,298.66,261.15
454,180.25,4.02,16.71,51.3,730.99,1066.19,0.0,1848.48,92.55,115.69,2634.7,3293.38,157.72,197.14,345.6,334.75,69.63,275.97,419.2
455,193.12,2.68,16.76,51.3,839.15,710.79,0.0,1601.24,85.9,107.37,2659.48,3324.36,158.71,198.38,345.6,310.69,64.62,280.98,382.14
456,199.56,-1.56,16.81,51.3,896.03,-414.63,0.0,532.7,29.53,36.91,2675.52,3344.4,159.15,198.93,345.6,106.8,22.22,323.38,114.14
457,181.86,-7.15,16.86,51.3,744.11,-1895.44,0.0,-1100.04,-55.57,-69.46,2671.9,3339.87,158.43,198.04,345.6,-200.99,-41.81,387.41,-179.3
458,148.06,-8.49,16.91,51.3,493.23,-2250.84,0.0,-1706.31,-70.18,-87.72,2654.44,3318.04,156.97,196.21,345.6,-253.82,-52.79,398.39,-220.18
459,120.7,-6.71,16.95,51.3,327.79,-1776.98,0.0,-1397.89,-46.87,-58.59,2638.18,3297.72,155.66,194.58,345.6,-169.52,-35.26,380.86,-153.82
460,99.78,-4.02,16.98,51.3,224.01,-1066.19,0.0,-790.88,-21.92,-27.4,2628.63,3285.78,154.82,193.53,345.6,-79.28,-16.49,362.09,-75.67
461,91.73,-0.67,17.01,51.3,189.33,-177.7,0.0,62.94,1.6,2.0,2625.8,3282.25,154.41,193.02,345.6,5.8,1.21,344.39,5.82
462,94.95,2.24,17.03,51.3,202.85,592.33,0.0,846.48,22.33,27.91,2629.13,3286.41,154.37,192.97,345.6,80.75,16.8,328.8,84.88
463,107.83,5.14,17.06,51.3,261.59,1362.35,0.0,1675.24,50.18,62.72,2639.2,3299.0,154.71,193.38,345.6,181.48,37.75,307.85,203.74
464,131.97,6.26,17.09,51.3,391.84,1658.51,0.0,2101.65,77.04,96.3,2656.87,3321.08,155.44,194.3,345.6,278.65,57.96,287.64,334.79
465,152.89,5.36,17.13,51.3,525.93,1421.58,0.0,1998.81,84.89,106.11,2679.36,3349.19,156.39,195.49,345.6,307.03,63.86,281.74,376.62
466,170.59,4.25,17.18,51.3,654.77,1125.42,0.0,1831.49,86.79,108.48,2703.2,3379.0,157.37,196.72,345.6,313.9,65.29,280.31,387.02
467,183.46,3.35,17.23,51.3,757.33,888.49,0.0,1697.12,86.49,108.11,2727.27,3409.08,158.32,197.9,345.6,312.82,65.07,280.53,385.38
468,194.73,3.13,17.28,51.3,853.2,829.26,0.0,1733.75,93.78,117.23,2752.3,3440.38,159.29,199.11,345.6,339.2,70.55,275.05,426.21
469,206.0,2.46,17.33,51.3,954.77,651.56,0.0,1657.63,94.85,118.56,2778.5,3473.13,160.29,200.36,345.6,343.07,71.36,274.24,432.33
470,212.43,-2.24,17.39,51.3,1015.37,-592.33,0.0,474.35,27.99,34.99,2795.56,3494.45,160.73,200.92,345.6,101.24,21.06,324.54,107.81
471,189.9,-7.38,17.45,51.3,811.41,-1954.68,0.0,-1091.96,-57.6,-72.0,2791.45,3489.31,159.98,199.98,345.6,-208.34,-43.33,388.93,-185.13
472,159.32,-7.82,17.5,51.3,571.15,-2073.14,0.0,-1450.7,-64.2,-80.25,2774.53,3468.17,158.57,198.22,345.6,-232.22,-48.3,393.9,-203.74
473,133.58,-6.71,17.54,51.3,401.45,-1776.98,0.0,-1324.23,-49.13,-61.42,2758.79,3448.49,157.31,196.63,345.6,-177.71,-36.96,382.56,-160.54
474,111.04,-4.92,17.57,51.3,277.44,-1303.12,0.0,-974.37,-30.06,-37.57,2747.79,3434.74,156.38,195.47,345.6,-108.71,-22.61,368.21,-102.03
475,98.17,-2.91,17.6,51.3,216.84,-770.02,0.0,-501.89,-13.69,-17.11,2741.72,3427.15,155.77,194.72,345.6,-49.5,-10.3,355.9,-48.07
476,90.12,0.67,17.63,51.3,182.75,177.7,0.0,411.75,10.31,12.88,2741.25,3426.56,155.52,194.4,345.6,37.28,7.75,337.85,38.14
477,103.0,4.92,17.65,51.3,238.69,1303.12,0.0,1593.11,45.58,56.97,2749.01,3436.26,155.72,194.65,345.6,164.86,34.29,311.31,183.02
478,125.53,6.04,17.69,51.3,354.54,1599.28,0.0,2005.12,69.92,87.4,2765.05,3456.32,156.35,195.43,345.6,252.88,52.6,293.0,298.28
479,146.45,4.69,17.72,51.3,482.57,1243.89,0.0,1777.76,72.32,90.4,2784.81,3481.01,157.13,196.41,345.6,261.57,54.41,291.19,310.45
480,159.32,-1.79,17.77,51.3,571.15,-473.86,0.0,148.59,6.58,8.22,2795.77,3494.71,157.37,196.71,345.6,23.78,4.95,340.65,24.13
481,133.58,-7.6,17.81,51.3,401.45,-2013.91,0.0,-1561.16,-57.93,-72.41,2788.63,3485.79,156.61,195.76,345.6,-209.51,-43.58,389.18,-186.05
482,104.61,-7.82,17.84,51.3,246.21,-2073.14,0.0,-1775.63,-51.6,-64.49,2773.42,3466.78,155.47,194.33,345.6,-186.62,-38.82,384.42,-167.77
483,77.25,-7.82,17.86,51.3,134.26,-2073.14,0.0,-1887.58,-40.5,-50.63,2760.63,3450.79,154.53,193.16,345.6,-146.5,-30.47,376.07,-134.63
484,48.28,-4.02,17.88,51.3,52.45,-1066.19,0.0,-962.44,-12.91,-16.13,2753.21,3441.52,153.97,192.46,345.6,-46.68,-9.71,355.31,-45.41
485,48.28,1.34,17.9,51.3,52.45,355.4,0.0,459.14,6.16,7.7,2752.28,3440.34,153.8,192.25,345.6,22.27,4.63,340.97,22.57
486,57.94,3.58,17.91,51.3,75.52,947.72,0.0,1074.55,17.29,21.62,2755.53,3444.42,153.85,192.32,345.6,62.55,13.01,332.59,64.99
487,74.03,4.69,17.93,51.3,123.31,1243.89,0.0,1418.49,29.17,36.46,2761.99,3452.48,154.06,192.57,345.6,105.5,21.94,323.66,112.66
488,91.73,5.81,17.95,51.3,189.33,1540.05,0.0,1780.68,45.37,56.72,2772.34,3465.42,154.43,193.04,345.6,164.11,34.14,311.46,182.1
489,115.87,5.81,17.98,51.3,302.09,1540.05,0.0,1893.44,60.94,76.18,2787.11,3483.88,155.01,193.76,345.6,220.43,45.85,299.75,254.14
490,133.58,4.47,18.01,51.3,401.45,1184.65,0.0,1637.41,60.75,75.94,2804.01,3505.01,155.65,194.56,345.6,219.74,45.71,299.89,253.23
491,148.06,4.47,18.05,51.3,493.23,1184.65,0.0,1729.19,71.12,88.9,2822.32,3527.9,156.33,195.41,345.6,257.22,53.5,292.1,304.34
492,165.76,4.25,18.1,51.3,618.23,1125.42,0.0,1794.95,82.65,103.31,2843.68,3554.6,157.13,196.41,345.6,298.93,62.18,283.42,364.51
493,178.64,0.45,18.15,51.3,718.0,118.47,0.0,887.76,44.05,55.07,2861.28,3576.6,157.68,197.11,345.6,159.33,33.14,312.46,176.23
494,168.98,-5.59,18.19,51.3,642.48,-1480.82,0.0,-787.04,-36.94,-46.18,2862.26,3577.83,157.32,196.65,345.6,-133.62,-27.79,373.39,-123.67
495,138.4,-9.39,18.24,51.3,431.0,-2487.77,0.0,-2005.47,-77.1,-96.38,2846.42,3558.03,156.08,195.1,345.6,-278.87,-58.0,403.6,-238.79
496,101.39,-4.47,18.27,51.3,231.29,-1184.65,0.0,-902.06,-25.41,-31.76,2832.19,3540.23,155.02,193.78,345.6,-91.89,-19.11,364.71,-87.07
497,106.22,-2.91,18.3,51.3,253.84,-770.02,0.0,-464.88,-13.72,-17.15,2826.75,3533.44,154.48,193.1,345.6,-49.61,-10.32,355.92,-48.17
498,80.47,-3.35,18.32,51.3,145.69,-888.49,0.0,-691.5,-15.46,-19.32,2822.7,3528.38,154.04,192.55,345.6,-55.9,-11.63,357.23,-54.08
499,82.08,0.22,18.35,51.3,151.57,59.23,0.0,262.1,5.98,7.47,2821.39,3526.73,153.78,192.22,345.6,21.61,4.5,341.1,21.9
500,82.08,0.0,18.37,51.3,151.57,0.0,0.0,202.87,4.63,5.78,2822.86,3528.57,153.67,192.08,345.6,16.73,3.48,342.12,16.9
501,82.08,2.24,18.39,51.3,151.57,592.33,0.0,795.2,18.13,22.66,2826.02,3532.52,153.65,192.06,345.6,65.57,13.64,331.96,68.27
502,98.17,1.79,18.42,51.3,216.84,473.86,0.0,742.0,20.23,25.29,2831.35,3539.18,153.73,192.16,345.6,73.18,15.22,330.38,76.56
503,94.95,-0.45,18.44,51.3,202.85,-118.47,0.0,135.69,3.58,4.47,2834.65,3543.32,153.68,192.11,345.6,12.94,2.69,342.91,13.05
504,94.95,2.46,18.47,51.3,202.85,651.56,0.0,905.71,23.89,29.86,2838.47,3548.09,153.67,192.09,345.6,86.4,17.97,327.63,91.14
505,112.65,2.46,18.5,51.3,285.54,651.56,0.0,988.4,30.93,38.66,2846.08,3557.6,153.84,192.3,345.6,111.87,23.27,322.33,119.95
506,112.65,0.22,18.53,51.3,285.54,59.23,0.0,396.08,12.39,15.49,2852.1,3565.12,153.91,192.39,345.6,44.83,9.32,336.28,46.07
507,114.26,1.34,18.56,51.3,293.76,355.4,0.0,700.46,22.23,27.79,2856.91,3571.14,153.91,192.38,345.6,80.41,16.73,328.87,84.5
508,122.31,3.58,18.6,51.3,336.59,947.72,0.0,1335.62,45.38,56.72,2866.3,3582.87,154.14,192.67,345.6,164.13,34.14,311.46,182.11
509,140.01,4.25,18.63,51.3,441.08,1125.42,0.0,1617.8,62.92,78.65,2881.34,3601.68,154.65,193.31,345.6,227.58,47.34,298.26,263.69
510,152.89,2.68,18.67,51.3,525.93,710.79,0.0,1288.02,54.7,68.38,2897.68,3622.1,155.18,193.98,345.6,197.85,41.15,304.45,224.59
511,159.32,-0.22,18.72,51.3,571.15,-59.23,0.0,563.22,24.93,31.16,2908.74,3635.92,155.41,194.27,345.6,90.16,18.75,326.85,95.33
512,151.28,-1.34,18.76,51.3,514.91,-355.4,0.0,210.82,8.86,11.07,2913.43,3641.79,155.31,194.13,345.6,32.04,6.66,338.94,32.67
513,149.67,-0.22,18.8,51.3,504.02,-59.23,0.0,496.08,20.62,25.78,2917.52,3646.9,155.18,193.98,345.6,74.6,15.52,330.08,78.1
514,149.67,-0.22,18.84,51.3,504.02,-59.23,0.0,496.08,20.62,25.78,2923.25,3654.07,155.14,193.93,345.6,74.6,15.52,330.08,78.1
515,148.06,-0.89,18.88,51.3,493.23,-236.93,0.0,307.6,12.65,15.81,2927.87,3659.84,155.05,193.81,345.6,45.76,9.52,336.08,47.05
516,143.23,0.0,18.92,51.3,461.59,0.0,0.0,512.89,20.41,25.51,2932.47,3665.58,154.96,193.7,345.6,73.81,15.35,330.25,77.24
517,148.06,0.89,18.96,51.3,493.23,236.93,0.0,781.47,32.14,40.17,2939.76,3674.7,155.01,193.77,345.6,116.25,24.18,321.42,124.99
518,149.67,-2.46,19.01,51.3,504.02,-651.56,0.0,-96.24,-4.0,-5.0,2943.67,3679.59,154.88,193.6,345.6,-14.47,-3.01,348.61,-14.35
519,130.36,-5.14,19.04,51.3,382.34,-1362.35,0.0,-928.71,-33.63,-42.04,2938.45,3673.06,154.29,192.86,345.6,-121.63,-25.3,370.9,-113.34
520,112.65,-1.79,19.08,51.3,285.54,-473.86,0.0,-137.02,-4.29,-5.36,2933.18,3666.47,153.74,192.18,345.6,-15.51,-3.23,348.83,-15.36
521,117.48,2.91,19.11,51.3,310.54,770.02,0.0,1131.87,36.94,46.17,2937.71,3672.14,153.72,192.15,345.6,133.6,27.79,317.81,145.28
522,133.58,4.69,19.15,51.3,401.45,1243.89,0.0,1696.64,62.95,78.69,2951.59,3689.48,154.17,192.71,345.6,227.69,47.36,298.24,263.85
523,151.28,3.13,19.19,51.3,514.91,829.26,0.0,1395.47,58.64,73.3,2968.48,3710.59,154.73,193.41,345.6,212.09,44.12,301.48,243.13
524,156.11,1.12,19.23,51.3,548.3,296.16,0.0,895.77,38.84,48.55,2982.01,3727.52,155.09,193.86,345.6,140.49,29.22,316.38,153.47
525,159.32,2.01,19.27,51.3,571.15,533.09,0.0,1155.54,51.14,63.93,2994.51,3743.14,155.38,194.23,345.6,184.97,38.47,307.13,208.14
526,170.59,1.79,19.32,51.3,654.77,473.86,0.0,1179.93,55.91,69.89,3009.38,3761.73,155.79,194.73,345.6,202.23,42.06,303.54,230.25
527,172.2,-2.01,19.37,51.3,667.18,-533.09,0.0,185.39,8.87,11.08,3018.38,3772.97,155.87,194.83,345.6,32.07,6.67,338.93,32.71
528,156.11,-3.35,19.41,51.3,548.3,-888.49,0.0,-288.89,-12.53,-15.66,3017.87,3772.34,155.47,194.34,345.6,-45.31,-9.42,355.02,-44.11
529,148.06,-0.89,19.45,51.3,493.23,-236.93,0.0,307.6,12.65,15.81,3017.89,3772.36,155.14,193.92,345.6,45.76,9.52,336.08,47.05
530,149.67,0.67,19.49,51.3,504.02,177.7,0.0,733.01,30.47,38.09,3023.88,3779.85,155.12,193.9,345.6,110.22,22.93,322.67,118.06
531,152.89,-0.45,19.54,51.3,525.93,-118.47,0.0,458.76,19.48,24.35,3030.82,3788.52,155.14,193.92,345.6,70.47,14.66,330.94,73.59
532,146.45,-0.22,19.58,51.3,482.57,-59.23,0.0,474.64,19.31,24.14,3036.2,3795.25,155.08,193.85,345.6,69.84,14.53,331.07,72.9
533,151.28,2.46,19.62,51.3,514.91,651.56,0.0,1217.77,51.17,63.97,3045.99,3807.49,155.26,194.07,345.6,185.09,38.5,307.1,208.29
534,164.15,2.46,19.66,51.3,606.29,651.56,0.0,1309.15,59.69,74.62,3061.39,3826.74,155.69,194.62,345.6,215.91,44.91,300.69,248.16
535,168.98,0.67,19.71,51.3,642.48,177.7,0.0,871.47,40.91,51.13,3075.36,3844.2,156.04,195.05,345.6,147.95,30.77,314.83,162.42
536,168.98,0.0,19.76,51.3,642.48,0.0,0.0,693.78,32.57,40.71,3085.57,3856.96,156.18,195.23,345.6,117.79,24.5,321.1,126.77
537,168.98,1.79,19.8,51.3,642.48,473.86,0.0,1167.64,54.81,68.51,3097.7,3872.13,156.42,195.53,345.6,198.23,41.23,304.37,225.09
538,181.86,-0.67,19.85,51.3,744.11,-177.7,0.0,617.71,31.2,39.0,3109.65,3887.06,156.64,195.8,345.6,112.86,23.48,322.12,121.09
539,164.15,-5.59,19.9,51.3,606.29,-1480.82,0.0,-823.23,-37.54,-46.92,3108.77,3885.96,156.22,195.28,345.6,-135.77,-28.24,373.84,-125.51
540,141.62,-6.04,19.94,51.3,451.28,-1599.28,0.0,-1096.7,-43.14,-53.93,3097.56,3871.95,155.33,194.16,345.6,-156.05,-32.46,378.06,-142.65
541,120.7,-4.47,19.98,51.3,327.79,-1184.65,0.0,-805.56,-27.01,-33.76,3087.82,3859.77,154.55,193.19,345.6,-97.69,-20.32,365.92,-92.26
542,109.44,-0.45,20.01,51.3,269.46,-118.47,0.0,202.3,6.15,7.69,3084.92,3856.15,154.16,192.7,345.6,22.24,4.63,340.97,22.54
543,117.48,3.8,20.04,51.3,310.54,1006.96,0.0,1368.8,44.67,55.84,3091.98,3864.98,154.27,192.84,345.6,161.56,33.61,311.99,178.97
544,136.79,5.14,20.08,51.3,421.03,1362.35,0.0,1834.68,69.71,87.14,3107.87,3884.83,154.79,193.49,345.6,252.15,52.45,293.15,297.26
545,154.5,4.47,20.12,51.3,537.06,1184.65,0.0,1773.01,76.09,95.11,3128.12,3910.15,155.49,194.36,345.6,275.21,57.24,288.36,329.84
546,168.98,3.8,20.16,51.3,642.48,1006.96,0.0,1700.73,79.83,99.79,3149.77,3937.22,156.22,195.27,345.6,288.74,60.06,285.54,349.47
547,181.86,2.91,20.21,51.3,744.11,770.02,0.0,1565.43,79.08,98.85,3171.84,3964.8,156.93,196.16,345.6,286.02,59.49,286.11,345.49
548,189.9,0.89,20.26,51.3,811.41,236.93,0.0,1099.64,58.01,72.51,3190.88,3988.6,157.47,196.84,345.6,209.8,43.64,301.96,240.13
549,188.29,-3.58,20.32,51.3,797.72,-947.72,0.0,-98.7,-5.16,-6.45,3198.22,3997.78,157.42,196.78,345.6,-18.67,-3.88,349.48,-18.46
550,164.15,-6.71,20.36,51.3,606.29,-1776.98,0.0,-1119.39,-51.04,-63.8,3190.42,3988.02,156.66,195.83,345.6,-184.61,-38.4,384.0,-166.15
551,140.01,-5.59,20.41,51.3,441.08,-1480.82,0.0,-988.44,-38.44,-48.05,3177.99,3972.49,155.73,194.66,345.6,-139.04,-28.92,374.52,-128.31
552,123.92,-4.25,20.44,51.3,345.51,-1125.42,0.0,-728.61,-25.08,-31.35,3169.17,3961.46,155.02,193.77,345.6,-90.71,-18.87,364.47,-86.02
553,109.44,-2.68,20.48,51.3,269.46,-710.79,0.0,-390.03,-11.86,-14.82,3164.04,3955.04,154.52,193.15,345.6,-42.88,-8.92,354.52,-41.8
554,104.61,-1.34,20.51,51.3,246.21,-355.4,0.0,-57.89,-1.68,-2.1,3162.16,3952.69,154.21,192.76,345.6,-6.08,-1.27,346.87,-6.06
555,99.78,-0.67,20.53,51.3,224.01,-177.7,0.0,97.61,2.71,3.38,3162.3,3952.87,154.0,192.5,345.6,9.79,2.04,343.56,9.84
556,99.78,0.0,20.56,51.3,224.01,0.0,0.0,275.31,7.63,9.54,3163.73,3954.67,153.86,192.33,345.6,27.6,5.74,339.86,28.06
557,99.78,-0.22,20.59,51.3,224.01,-59.23,0.0,216.07,5.99,7.49,3165.62,3957.03,153.75,192.18,345.6,21.66,4.51,341.09,21.95
558,98.17,-1.12,20.62,51.3,216.84,-296.16,0.0,-28.02,-0.76,-0.96,3166.35,3957.94,153.58,191.97,345.6,-2.76,-0.57,346.17,-2.76
559,91.73,1.56,20.64,51.3,189.33,414.63,0.0,655.26,16.7,20.87,3168.56,3960.7,153.49,191.86,345.6,60.39,12.56,333.04,62.67
560,109.44,5.36,20.67,51.3,269.46,1421.58,0.0,1742.34,52.96,66.21,3178.24,3972.8,153.75,192.19,345.6,191.57,39.85,305.75,216.53
561,130.36,5.36,20.7,51.3,382.34,1421.58,0.0,1855.22,67.18,83.97,3194.92,3993.66,154.31,192.89,345.6,242.98,50.54,295.06,284.59
562,148.06,4.25,20.74,51.3,493.23,1125.42,0.0,1669.96,68.68,85.85,3213.79,4017.24,154.93,193.66,345.6,248.41,51.67,293.93,292.08
563,160.93,3.8,20.79,51.3,582.74,1006.96,0.0,1641.0,73.36,91.7,3233.52,4041.9,155.56,194.45,345.6,265.33,55.19,290.41,315.76
564,175.42,0.89,20.83,51.3,692.36,236.93,0.0,980.59,47.78,59.73,3250.35,4062.93,156.02,195.02,345.6,172.82,35.95,309.65,192.88
565,167.37,-1.56,20.88,51.3,630.3,-414.63,0.0,266.97,12.41,15.51,3258.71,4073.38,156.06,195.08,345.6,44.89,9.34,336.26,46.14
566,164.15,-0.22,20.93,51.3,606.29,-59.23,0.0,598.35,27.28,34.1,3264.22,4080.28,155.98,194.98,345.6,98.68,20.53,325.07,104.91
567,165.76,1.79,20.97,51.3,618.23,473.86,0.0,1143.39,52.65,65.81,3275.32,4094.15,156.17,195.21,345.6,190.42,39.61,305.99,215.07
568,177.03,3.58,21.02,51.3,705.12,947.72,0.0,1704.14,83.8,104.75,3294.27,4117.84,156.72,195.9,345.6,303.1,63.04,282.56,370.72
569,191.51,3.13,21.07,51.3,825.22,829.26,0.0,1705.78,90.74,113.43,3318.52,4148.14,157.49,196.86,345.6,328.21,68.27,277.33,409.0
570,199.56,-1.34,21.13,51.3,896.03,-355.4,0.0,591.93,32.81,41.02,3335.68,4169.59,157.9,197.37,345.6,118.68,24.69,320.91,127.81
571,181.86,-6.71,21.18,51.3,744.11,-1776.98,0.0,-981.57,-49.58,-61.98,3333.35,4166.68,157.39,196.74,345.6,-179.34,-37.3,382.9,-161.87
572,151.28,-7.82,21.22,51.3,514.91,-2073.14,0.0,-1506.93,-63.32,-79.15,3317.66,4147.08,156.31,195.39,345.6,-229.04,-47.64,393.24,-201.29
573,125.53,-6.26,21.26,51.3,354.54,-1658.51,0.0,-1252.67,-43.68,-54.6,3302.8,4128.5,155.33,194.16,345.6,-157.98,-32.86,378.46,-144.27
574,106.22,-4.47,21.3,51.3,253.84,-1184.65,0.0,-879.51,-25.95,-32.44,3293.13,4116.42,154.64,193.3,345.6,-93.86,-19.52,365.12,-88.84
575,93.34,-2.01,21.32,51.3,196.04,-533.09,0.0,-285.76,-7.41,-9.26,3288.5,4110.62,154.22,192.78,345.6,-26.8,-5.57,351.17,-26.37
576,91.73,1.34,21.35,51.3,189.33,355.4,0.0,596.03,15.19,18.98,3289.58,4111.97,154.09,192.61,345.6,54.93,11.43,334.17,56.81
577,103.0,4.47,21.38,51.3,238.69,1184.65,0.0,1474.65,42.19,52.74,3297.55,4121.94,154.26,192.83,345.6,152.6,31.74,313.86,168.03
578,123.92,6.04,21.41,51.3,345.51,1599.28,0.0,1996.09,68.71,85.89,3312.95,4141.19,154.76,193.45,345.6,248.51,51.69,293.91,292.22
579,146.45,5.59,21.45,51.3,482.57,1480.82,0.0,2014.69,81.96,102.45,3333.88,4167.35,155.46,194.33,345.6,296.44,61.66,283.94,360.81
580,164.15,4.69,21.49,51.3,606.29,1243.89,0.0,1901.47,86.7,108.38,3357.3,4196.63,156.24,195.3,345.6,313.6,65.23,280.37,386.55
581,180.25,3.58,21.54,51.3,730.99,947.72,0.0,1730.02,86.62,108.27,3381.38,4226.72,157.01,196.26,345.6,313.29,65.16,280.44,386.09
582,189.9,2.91,21.59,51.3,811.41,770.02,0.0,1632.74,86.13,107.66,3405.37,4256.71,157.75,197.18,345.6,311.52,64.8,280.8,383.4
583,201.17,2.46,21.64,51.3,910.54,651.56,0.0,1613.4,90.16,112.7,3429.85,4287.32,158.48,198.1,345.6,326.09,67.83,277.77,405.71
584,207.6,-0.45,21.7,51.3,969.75,-118.47,0.0,902.58,52.05,65.06,3449.6,4312.0,158.98,198.72,345.6,188.26,39.16,306.44,212.32
585,197.95,-5.36,21.75,51.3,881.63,-1421.58,0.0,-488.65,-26.87,-33.59,3453.1,4316.38,158.73,198.41,345.6,-97.18,-20.21,365.81,-91.81
586,168.98,-8.05,21.81,51.3,642.48,-2132.38,0.0,-1438.6,-67.53,-84.41,3439.99,4299.99,157.76,197.19,345.6,-244.24,-50.8,396.4,-212.94
587,140.01,-7.38,21.85,51.3,441.08,-1954.68,0.0,-1462.3,-56.87,-71.09,3422.71,4278.39,156.65,195.82,345.6,-205.7,-42.79,388.39,-183.04
588,115.87,-6.04,21.88,51.3,302.09,-1599.28,0.0,-1245.89,-40.1,-50.13,3409.24,4261.55,155.78,194.73,345.6,-145.04,-30.17,375.77,-133.4
589,96.56,-2.46,21.91,51.3,209.79,-651.56,0.0,-390.47,-10.47,-13.09,3402.22,4252.77,155.25,194.07,345.6,-37.88,-7.88,353.48,-37.04
590,98.17,1.34,21.94,51.3,216.84,355.4,0.0,623.54,17.0,21.25,3403.13,4253.91,155.1,193.88,345.6,61.5,12.79,332.81,63.86
591,106.22,2.68,21.97,51.3,253.84,710.79,0.0,1015.94,29.97,37.47,3409.65,4262.06,155.2,194.0,345.6,108.42,22.55,323.05,115.98
592,117.48,4.02,22.0,51.3,310.54,1066.19,0.0,1428.03,46.6,58.25,3420.29,4275.36,155.47,194.33,345.6,168.56,35.06,310.54,187.58
593,135.18,4.92,22.04,51.3,411.18,1303.12,0.0,1765.6,66.3,82.88,3435.97,4294.96,155.93,194.91,345.6,239.8,49.88,295.72,280.25
594,152.89,1.79,22.08,51.3,525.93,473.86,0.0,1051.09,44.64,55.8,3451.38,4314.22,156.34,195.43,345.6,161.45,33.58,312.02,178.83
595,148.06,-5.14,22.12,51.3,493.23,-1362.35,0.0,-817.82,-33.63,-42.04,3452.9,4316.13,156.12,195.15,345.6,-121.65,-25.3,370.9,-113.35
596,115.87,-8.27,22.15,51.3,302.09,-2191.61,0.0,-1838.21,-59.17,-73.96,3440.02,4300.02,155.28,194.1,345.6,-214.0,-44.51,390.11,-189.58
597,88.51,-6.26,22.18,51.3,176.28,-1658.51,0.0,-1430.93,-35.18,-43.98,3426.91,4283.64,154.49,193.11,345.6,-127.25,-26.47,372.07,-118.2
598,70.81,-4.69,22.2,51.3,112.82,-1243.89,0.0,-1079.77,-21.24,-26.55,3419.07,4273.84,153.98,192.48,345.6,-76.82,-15.98,361.58,-73.42
599,54.72,-1.79,22.22,51.3,67.37,-473.86,0.0,-355.2,-5.4,-6.75,3415.38,4269.22,153.69,192.12,345.6,-19.53,-4.06,349.66,-19.3
600,57.94,1.56,22.24,51.3,75.52,414.63,0.0,541.45,8.71,10.89,3415.84,4269.79,153.61,192.01,345.6,31.52,6.56,339.04,32.13
601,65.98,3.35,22.25,51.3,97.96,888.49,0.0,1037.75,19.02,23.78,3419.69,4274.61,153.66,192.08,345.6,68.8,14.31,331.29,71.77
602,82.08,4.92,22.28,51.3,151.57,1303.12,0.0,1505.99,34.34,42.92,3427.1,4283.87,153.85,192.32,345.6,124.19,25.83,319.77,134.22
603,101.39,5.36,22.3,51.3,231.29,1421.58,0.0,1704.17,48.0,59.99,3438.53,4298.17,154.19,192.74,345.6,173.59,36.11,309.49,193.85
604,120.7,5.36,22.33,51.3,327.79,1421.58,0.0,1800.68,60.37,75.47,3453.58,4316.98,154.65,193.31,345.6,218.36,45.42,300.18,251.4
605,140.01,5.36,22.37,51.3,441.08,1421.58,0.0,1913.96,74.44,93.05,3472.31,4340.38,155.24,194.05,345.6,269.24,56.0,289.6,321.3
606,159.32,5.14,22.41,51.3,571.15,1362.35,0.0,1984.8,87.84,109.8,3494.85,4368.56,155.95,194.94,345.6,317.71,66.08,279.52,392.83
607,177.03,2.91,22.46,51.3,705.12,770.02,0.0,1526.45,75.06,93.83,3517.47,4396.84,156.64,195.8,345.6,271.49,56.47,289.13,324.52
608,180.25,-4.25,22.51,51.3,730.99,-1125.42,0.0,-343.13,-17.18,-21.47,3525.51,4406.89,156.65,195.81,345.6,-62.14,-12.92,358.52,-59.9
609,146.45,-8.72,22.55,51.3,482.57,-2310.07,0.0,-1776.2,-72.26,-90.32,3513.09,4391.36,155.78,194.73,345.6,-261.35,-54.36,399.96,-225.83
610,117.48,-6.71,22.59,51.3,310.54,-1776.98,0.0,-1415.14,-46.18,-57.73,3496.64,4370.8,154.8,193.5,345.6,-167.03,-34.74,380.34,-151.78
611,98.17,-4.69,22.62,51.3,216.84,-1243.89,0.0,-975.75,-26.61,-33.26,3486.53,4358.16,154.15,192.69,345.6,-96.24,-20.02,365.62,-90.97
612,83.69,-1.79,22.64,51.3,157.57,-473.86,0.0,-264.99,-6.16,-7.7,3481.98,4352.47,153.78,192.22,345.6,-22.28,-4.63,350.23,-21.98
613,85.3,0.45,22.67,51.3,163.69,118.47,0.0,333.46,7.9,9.88,3482.22,4352.78,153.63,192.04,345.6,28.58,5.94,339.66,29.08
614,86.9,-0.67,22.69,51.3,169.93,-177.7,0.0,43.53,1.05,1.31,3483.46,4354.33,153.52,191.9,345.6,3.8,0.79,344.81,3.81
615,80.47,0.22,22.71,51.3,145.69,59.23,0.0,256.22,5.73,7.16,3484.41,4355.51,153.41,191.76,345.6,20.71,4.31,341.29,20.98
616,88.51,2.24,22.74,51.3,176.28,592.33,0.0,819.91,20.16,25.2,3488.0,4360.0,153.41,191.76,345.6,72.91,15.17,330.43,76.26
617,96.56,0.45,22.76,51.3,209.79,118.47,0.0,379.55,10.18,12.73,3492.21,4365.27,153.42,191.77,345.6,36.82,7.66,337.94,37.66
618,91.73,1.12,22.79,51.3,189.33,296.16,0.0,536.8,13.68,17.1,3495.53,4369.41,153.39,191.73,345.6,49.47,10.29,335.31,50.99
619,104.61,3.58,22.82,51.3,246.21,947.72,0.0,1245.23,36.18,45.23,3502.45,4378.07,153.51,191.88,345.6,130.87,27.22,318.38,142.06
620,117.48,1.56,22.85,51.3,310.54,414.63,0.0,776.47,25.34,31.67,3511.0,4388.75,153.67,192.09,345.6,91.65,19.06,326.54,97.0
621,115.87,-0.45,22.88,51.3,302.09,-118.47,0.0,234.93,7.56,9.45,3515.57,4394.46,153.66,192.07,345.6,27.35,5.69,339.91,27.81
622,114.26,1.79,22.91,51.3,293.76,473.86,0.0,818.92,25.99,32.49,3520.23,4400.29,153.65,192.06,345.6,94.01,19.55,326.05,99.65
623,128.75,4.02,22.95,51.3,372.96,1066.19,0.0,1490.44,53.3,66.63,3531.24,4414.05,153.9,192.37,345.6,192.79,40.1,305.5,218.1
624,143.23,4.02,22.98,51.3,461.59,1066.19,0.0,1579.08,62.83,78.53,3547.37,4434.21,154.35,192.93,345.6,227.24,47.26,298.34,263.24
625,157.72,1.56,23.02,51.3,559.67,414.63,0.0,1025.6,44.93,56.16,3562.34,4452.92,154.72,193.4,345.6,162.51,33.8,311.8,180.13
626,154.5,-1.79,23.07,51.3,537.06,-473.86,0.0,114.5,4.91,6.14,3569.26,4461.57,154.73,193.41,345.6,17.77,3.7,341.9,17.96
627,144.84,-0.89,23.11,51.3,472.02,-236.93,0.0,286.39,11.52,14.4,3571.54,4464.43,154.55,193.18,345.6,41.68,8.67,336.93,42.75
628,148.06,1.12,23.15,51.3,493.23,296.16,0.0,840.7,34.58,43.22,3577.95,4472.43,154.55,193.19,345.6,125.06,26.01,319.59,135.24
629,152.89,-0.22,23.19,51.3,525.93,-59.23,0.0,517.99,22.0,27.5,3585.8,4482.25,154.61,193.27,345.6,79.57,16.55,329.05,83.57
630,146.45,-0.45,23.23,51.3,482.57,-118.47,0.0,415.41,16.9,21.12,3591.21,4489.01,154.57,193.21,345.6,61.12,12.71,332.89,63.46
631,149.67,1.79,23.27,51.3,504.02,473.86,0.0,1029.18,42.79,53.48,3599.49,4499.37,154.65,193.31,345.6,154.76,32.19,313.41,170.65
632,159.32,0.45,23.32,51.3,571.15,118.47,0.0,740.91,32.79,40.99,3609.99,4512.49,154.82,193.52,345.6,118.6,24.67,320.93,127.72
633,152.89,-4.25,23.36,51.3,525.93,-1125.42,0.0,-548.19,-23.28,-29.1,3611.31,4514.14,154.59,193.23,345.6,-84.21,-17.51,363.11,-80.14
634,128.75,-5.36,23.4,51.3,372.96,-1421.58,0.0,-997.33,-35.67,-44.58,3603.13,4503.91,153.98,192.47,345.6,-129.01,-26.83,372.43,-119.71
635,114.26,-1.12,23.43,51.3,293.76,-296.16,0.0,48.9,1.55,1.94,3598.39,4497.98,153.55,191.94,345.6,5.61,1.17,344.43,5.63
636,120.7,3.35,23.47,51.3,327.79,888.49,0.0,1267.58,42.5,53.12,3604.51,4505.63,153.6,192.0,345.6,153.72,31.97,313.63,169.39
637,138.4,4.02,23.5,51.3,431.0,1066.19,0.0,1548.49,59.53,74.42,3618.68,4523.35,153.97,192.46,345.6,215.32,44.79,300.81,247.38
638,149.67,2.24,23.54,51.3,504.02,592.33,0.0,1147.64,47.71,59.64,3633.57,4541.96,154.34,192.93,345.6,172.57,35.9,309.7,192.57
639,154.5,1.12,23.58,51.3,537.06,296.16,0.0,884.52,37.96,47.45,3645.47,4556.84,154.57,193.21,345.6,137.3,28.56,317.04,149.66
640,157.72,2.24,23.63,51.3,559.67,592.33,0.0,1203.29,52.72,65.9,3658.06,4572.58,154.82,193.52,345.6,190.67,39.66,305.94,215.39
641,170.59,0.45,23.67,51.3,654.77,118.47,0.0,824.54,39.07,48.84,3670.81,4588.52,155.06,193.82,345.6,141.32,29.39,316.21,154.45
642,160.93,-2.24,23.72,51.3,582.74,-592.33,0.0,41.72,1.86,2.33,3676.5,4595.62,155.0,193.75,345.6,6.75,1.4,344.2,6.77
643,154.5,-1.79,23.76,51.3,537.06,-473.86,0.0,114.5,4.91,6.14,3677.44,4596.8,154.75,193.44,345.6,17.77,3.7,341.9,17.96
644,148.06,-0.45,23.81,51.3,493.23,-118.47,0.0,426.07,17.52,21.9,3680.56,4600.69,154.61,193.26,345.6,63.38,13.18,332.42,65.89
645,151.28,0.67,23.85,51.3,514.91,177.7,0.0,743.91,31.26,39.08,3687.33,4609.16,154.62,193.28,345.6,113.07,23.52,322.08,121.32
646,152.89,0.22,23.89,51.3,525.93,59.23,0.0,636.46,27.03,33.79,3695.43,4619.28,154.69,193.36,345.6,97.76,20.33,325.27,103.88
647,152.89,0.89,23.93,51.3,525.93,236.93,0.0,814.16,34.58,43.22,3703.98,4629.98,154.77,193.46,345.6,125.06,26.01,319.59,135.24
648,159.32,2.01,23.98,51.3,571.15,533.09,0.0,1155.54,51.14,63.93,3715.89,4644.86,154.99,193.73,345.6,184.97,38.47,307.13,208.14
649,167.37,1.12,24.02,51.3,630.3,296.16,0.0,977.76,45.46,56.82,3729.31,4661.63,155.25,194.07,345.6,164.42,34.2,311.4,182.47
650,167.37,-0.22,24.07,51.3,630.3,-59.23,0.0,622.36,28.93,36.17,3739.64,4674.55,155.38,194.23,345.6,104.65,21.77,323.83,111.69
651,165.76,0.89,24.11,51.3,618.23,236.93,0.0,906.46,41.74,52.17,3749.45,4686.82,155.49,194.36,345.6,150.96,31.4,314.2,166.05
652,173.81,1.12,24.16,51.3,679.71,296.16,0.0,1027.18,49.59,61.99,3762.14,4702.67,155.71,194.64,345.6,179.37,37.31,308.29,201.08
653,173.81,-3.58,24.21,51.3,679.71,-947.72,0.0,-216.71,-10.46,-13.08,3767.57,4709.47,155.63,194.53,345.6,-37.84,-7.87,353.47,-37.0
654,148.06,-7.82,24.25,51.3,493.23,-2073.14,0.0,-1528.61,-62.87,-78.58,3757.39,4696.73,154.92,193.65,345.6,-227.39,-47.3,392.9,-200.01
655,117.48,-5.36,24.29,51.3,310.54,-1421.58,0.0,-1059.74,-34.58,-43.23,3743.85,4679.82,154.13,192.66,345.6,-125.08,-26.02,371.62,-116.33
656,109.44,-1.34,24.32,51.3,269.46,-355.4,0.0,-34.63,-1.05,-1.32,3738.9,4673.63,153.72,192.16,345.6,-3.81,-0.79,346.39,-3.8
657,107.83,1.56,24.35,51.3,261.59,414.63,0.0,727.52,21.79,27.24,3741.78,4677.23,153.65,192.07,345.6,78.81,16.39,329.21,82.74
658,120.7,4.25,24.38,51.3,327.79,1125.42,0.0,1504.51,50.44,63.05,3751.82,4689.77,153.86,192.33,345.6,182.45,37.95,307.65,204.95
659,138.4,4.92,24.42,51.3,431.0,1303.12,0.0,1785.42,68.64,85.8,3768.36,4710.44,154.31,192.89,345.6,248.27,51.64,293.96,291.88
660,156.11,4.25,24.46,51.3,548.3,1125.42,0.0,1725.02,74.8,93.5,3788.28,4735.35,154.87,193.59,345.6,270.55,56.27,289.33,323.17
661,168.98,2.91,24.51,51.3,642.48,770.02,0.0,1463.8,68.71,85.89,3808.21,4760.26,155.4,194.25,345.6,248.52,51.69,293.91,292.22
662,177.03,1.12,24.55,51.3,705.12,296.16,0.0,1052.58,51.76,64.7,3824.94,4781.18,155.78,194.72,345.6,187.21,38.94,306.66,210.98
663,177.03,0.0,24.6,51.3,705.12,0.0,0.0,756.42,37.2,46.5,3837.3,4796.62,155.97,194.96,345.6,134.54,27.98,317.62,146.39
664,177.03,-2.68,24.65,51.3,705.12,-710.79,0.0,45.63,2.24,2.8,3842.78,4803.47,155.88,194.85,345.6,8.12,1.69,343.91,8.16
665,157.72,-5.59,24.7,51.3,559.67,-1480.82,0.0,-869.85,-38.11,-47.63,3837.79,4797.24,155.38,194.23,345.6,-137.83,-28.67,374.27,-127.27
666,136.79,-5.14,24.74,51.3,421.03,-1362.35,0.0,-890.02,-33.82,-42.27,3827.8,4784.76,154.72,193.4,345.6,-122.32,-25.44,371.04,-113.93
667,120.7,-3.8,24.78,51.3,327.79,-1006.96,0.0,-627.86,-21.05,-26.31,3820.18,4775.23,154.19,192.74,345.6,-76.14,-15.84,361.44,-72.8
668,109.44,-2.24,24.81,51.3,269.46,-592.33,0.0,-271.57,-8.26,-10.32,3816.11,4770.14,153.83,192.29,345.6,-29.86,-6.21,351.81,-29.33
669,104.61,-1.34,24.84,51.3,246.21,-355.4,0.0,-57.89,-1.68,-2.1,3814.73,4768.42,153.59,191.99,345.6,-6.08,-1.27,346.87,-6.06
670,99.78,-0.45,24.87,51.3,224.01,-118.47,0.0,156.84,4.35,5.43,3815.1,4768.88,153.43,191.79,345.6,15.72,3.27,342.33,15.87
671,101.39,-0.22,24.89,51.3,231.29,-59.23,0.0,223.36,6.29,7.86,3816.58,4770.73,153.32,191.64,345.6,22.75,4.73,340.87,23.07
672,98.17,-0.67,24.92,51.3,216.84,-177.7,0.0,90.44,2.47,3.08,3817.8,4772.25,153.19,191.49,345.6,8.92,1.86,343.74,8.97
673,96.56,-0.45,24.95,51.3,209.79,-118.47,0.0,142.62,3.83,4.78,3818.67,4773.34,153.06,191.33,345.6,13.84,2.88,342.72,13.95
674,94.95,1.56,24.97,51.3,202.85,414.63,0.0,668.78,17.64,22.05,3821.65,4777.06,153.02,191.27,345.6,63.8,13.27,332.33,66.35
675,107.83,4.69,25.0,51.3,261.59,1243.89,0.0,1556.78,46.63,58.29,3830.58,4788.22,153.2,191.51,345.6,168.65,35.08,310.52,187.7
676,128.75,4.69,25.04,51.3,372.96,1243.89,0.0,1668.14,59.66,74.57,3845.34,4806.67,153.59,191.99,345.6,215.78,44.88,300.72,247.98
677,141.62,1.79,25.07,51.3,451.28,473.86,0.0,976.44,38.41,48.02,3858.96,4823.7,153.91,192.38,345.6,138.93,28.9,316.7,151.61
678,141.62,2.24,25.11,51.3,451.28,592.33,0.0,1094.9,43.07,53.84,3870.28,4837.85,154.12,192.64,345.6,155.79,32.4,313.2,171.91
679,157.72,2.68,25.15,51.3,559.67,710.79,0.0,1321.76,57.91,72.38,3884.3,4855.38,154.42,193.02,345.6,209.44,43.56,302.04,239.65
680,160.93,0.67,25.2,51.3,582.74,177.7,0.0,811.74,36.29,45.36,3897.39,4871.73,154.67,193.33,345.6,131.25,27.3,318.3,142.51
681,162.54,0.22,25.24,51.3,594.46,59.23,0.0,704.99,31.83,39.79,3906.85,4883.56,154.77,193.46,345.6,115.13,23.95,321.65,123.7
682,162.54,1.56,25.29,51.3,594.46,414.63,0.0,1060.39,47.88,59.85,3917.92,4897.4,154.93,193.66,345.6,173.17,36.02,309.58,193.32
683,173.81,3.35,25.34,51.3,679.71,888.49,0.0,1619.5,78.19,97.74,3935.43,4919.28,155.33,194.17,345.6,282.8,58.82,286.78,340.81
684,186.68,3.58,25.39,51.3,784.14,947.72,0.0,1783.16,92.47,115.59,3959.13,4948.91,155.96,194.95,345.6,334.45,69.57,276.03,418.74
685,199.56,1.12,25.44,51.3,896.03,296.16,0.0,1243.49,68.93,86.16,3981.55,4976.93,156.51,195.64,345.6,249.31,51.86,293.74,293.33
686,194.73,-4.69,25.49,51.3,853.2,-1243.89,0.0,-339.39,-18.36,-22.95,3988.57,4985.71,156.45,195.56,345.6,-66.4,-13.81,359.41,-63.85
687,165.76,-8.27,25.54,51.3,618.23,-2191.61,0.0,-1522.07,-70.08,-87.6,3976.29,4970.36,155.66,194.58,345.6,-253.49,-52.73,398.33,-219.93
688,135.18,-7.6,25.59,51.3,411.18,-2013.91,0.0,-1551.43,-58.26,-72.82,3958.46,4948.08,154.71,193.39,345.6,-210.71,-43.83,389.43,-187.0
689,111.04,-5.59,25.62,51.3,277.44,-1480.82,0.0,-1152.07,-35.54,-44.42,3945.43,4931.79,154.0,192.5,345.6,-128.53,-26.73,372.33,-119.3
690,94.95,-3.58,25.65,51.3,202.85,-947.72,0.0,-693.57,-18.29,-22.87,3937.96,4922.45,153.53,191.92,345.6,-66.16,-13.76,359.36,-63.63
691,85.3,0.0,25.67,51.3,163.69,0.0,0.0,214.99,5.09,6.37,3936.12,4920.15,153.31,191.64,345.6,18.42,3.83,341.77,18.63
692,94.95,3.8,25.7,51.3,202.85,1006.96,0.0,1261.11,33.26,41.58,3941.45,4926.81,153.37,191.71,345.6,120.31,25.02,320.58,129.7
693,112.65,6.04,25.73,51.3,285.54,1599.28,0.0,1936.13,60.59,75.73,3954.49,4943.11,153.71,192.13,345.6,219.14,45.58,300.02,252.43
694,138.4,6.26,25.76,51.3,431.0,1658.51,0.0,2140.81,82.3,102.88,3974.33,4967.91,154.27,192.84,345.6,297.69,61.92,283.68,362.66
695,157.72,5.14,25.8,51.3,559.67,1362.35,0.0,1973.32,86.45,108.06,3997.77,4997.21,154.93,193.66,345.6,312.68,65.04,280.56,385.17
696,175.42,3.8,25.85,51.3,692.36,1006.96,0.0,1750.61,85.3,106.63,4021.62,5027.03,155.58,194.47,345.6,308.53,64.17,281.43,378.89
697,185.07,3.13,25.9,51.3,770.68,829.26,0.0,1651.24,84.89,106.11,4045.26,5056.58,156.19,195.24,345.6,307.04,63.86,281.74,376.63
698,197.95,3.13,25.95,51.3,881.63,829.26,0.0,1762.19,96.9,121.12,4070.51,5088.14,156.84,196.05,345.6,350.46,72.9,272.7,444.14
699,207.6,0.22,26.01,51.3,969.75,59.23,0.0,1080.28,62.3,77.87,4092.62,5115.78,157.35,196.69,345.6,225.32,46.87,298.73,260.67
700,199.56,-5.36,26.07,51.3,896.03,-1421.58,0.0,-474.26,-26.29,-32.86,4097.62,5122.03,157.2,196.5,345.6,-95.09,-19.78,365.38,-89.94
701,168.98,0.0,26.12,51.3,642.48,0.0,0.0,693.78,32.57,40.71,4098.49,5123.12,156.93,196.16,345.6,117.79,24.5,321.1,126.77
